Datetime;Conso_P204;Conso_P205;DBS_P205 ;DBE_P205 ;TA_P204 ;CO_P204 ;DBS_P204 ;DBE_P204 
2023-12-01 00:00:00;16,16685396;17,04910165;555,1875;12,19791667;15,92291667;0,21875;554,8645833;106,1041667
2023-12-02 00:00:00;4,122494587;4,347464847;553,7708333;0;15,02291667;0,4375;551,1875;2,28125
2023-12-03 00:00:00;2,333064679;2,460383262;555,0520833;0;14,39340278;0;569,1527778;6,829861111
2023-12-04 00:00:00;19,49256984;20,55630647;557,5208333;54,84375;17,15416667;0,145833333;555,5520833;64,25
2023-12-05 00:00:00;19,46195003;20,52401569;555,6458333;70,39583333;15,721875;0,145833333;554,7291667;72,82291667
2023-12-06 00:00:00;16,81897868;17,73681372;555,2986111;30,70486111;17,72673611;0,145833333;556,3090278;53,44791667
2023-12-07 00:00:00;17,31450318;18,25937968;556,3229167;12,26041667;17,49583333;0,364583333;554,3541667;37,01041667
2023-12-08 00:00:00;16,78843701;17,70460536;555,0520833;13,05208333;17,17395833;0,364583333;555,7916667;73,33333333
2023-12-09 00:00:00;5,276091715;5,564015372;554,8090278;0;15,221875;0,4375;556,3333333;65,70833333
2023-12-10 00:00:00;2,144798979;2,261843641;556,3125;0;14,98958333;0,145833333;555,4479167;77,66666667
2023-12-11 00:00:00;16,54116672;17,44384117;555,0833333;15,33333333;17,56979167;0,145833333;553,9479167;64,5
2023-12-12 00:00:00;16,4143492;17,31010305;556,0173611;33,20486111;16,00798611;0,243055556;555,46875;106,1180556
2023-12-13 00:00:00;16,48360355;17,38313671;555,0520833;17,10416667;17,94479167;0,145833333;555,3229167;48,78125
2023-12-14 00:00:00;15,86312893;16,72880193;556,1979167;61,41666667;20,58645833;0,072916667;554,3229167;14,13541667
2023-12-15 00:00:00;21,06960217;22,21939964;555,84375;109,1458333;19,99826389;0,072916667;554,7326389;40,09375
2023-12-16 00:00:00;5,41928065;5,715018327;556,21875;0;16,73645833;0,291666667;554,5729167;99,17708333
2023-12-17 00:00:00;2,699625964;2,846948305;554,7395833;0;17,34895833;0,145833333;555,9270833;130,78125
2023-12-18 00:00:00;17,40703873;18,35696503;577,3368056;7,614583333;16,62847222;0,291666667;554,8090278;73,26041667
2023-12-19 00:00:00;17,2560677;18,1977553;555,0416667;1,09375;17,31145833;0,21875;555,6979167;48,94791667
2023-12-20 00:00:00;17,0284517;17,95771797;555,0729167;14,34375;18,50416667;0,21875;556,78125;39,97916667
2023-12-21 00:00:00;17,63989115;18,60252453;557,7534722;12,59027778;17,24409722;0,291666667;556,2708333;72,22916667
2023-12-22 00:00:00;18,41096567;19,41567766;555,8958333;0;15,47291667;0,729166667;556,7083333;12,69791667
2023-12-23 00:00:00;1,071525956;1,130000617;554,0833333;0;14,94583333;0,072916667;554,34375;2,395833333
2023-12-24 00:00:00;0,477793458;0,503867312;555,8645833;0;14,75625;0,291666667;556,1805556;3,284722222
2023-12-25 00:00:00;4,953809451;5,224145717;555,4270833;0;14,92708333;0,364583333;553,7291667;9,427083333
2023-12-26 00:00:00;5,362260686;5,654886704;554,75;0;14,89583333;0,072916667;551,71875;0,114583333
2023-12-27 00:00:00;5,214387767;5,498944155;553,9965278;0;15,5;0,072916667;556,6597222;0
2023-12-28 00:00:00;3,419651574;3,606266713;555,3229167;4,020833333;15,02604167;0,291666667;554,7604167;10,22916667
2023-12-29 00:00:00;4,4825577;4,727177104;556,4375;5,020833333;14,88958333;0;575,21875;20,94791667
2023-12-30 00:00:00;1,249345949;1,317524494;552,8333333;0;14,75277778;0,072916667;556,6006944;1,059027778
2023-12-31 00:00:00;0,607943385;0,6411197;555,6666667;0;14,934375;0,072916667;554,5833333;2,770833333
2024-01-01 00:00:00;4,520323636;4,767003979;555,65625;0;15,55208333;0,145833333;555;0,572916667
2024-01-02 00:00:00;4,470725902;4,714699628;552,5798611;2,96875;15,13125;0,145833333;553,6736111;15,39583333
2024-01-03 00:00:00;4,483615412;4,728292537;556,1770833;35,67708333;14,46875;0;556,0625;28,29166667
2024-01-04 00:00:00;3,547440304;3,741029052;556,7083333;78,6875;12,040625;0;550,78125;84,15625
2024-01-05 00:00:00;5,381504786;5,675180981;552,1041667;9,170138889;17,28159722;0;557,4305556;30,31944444
2024-01-06 00:00:00;1,199297294;1,264744614;555,3229167;0;20,70208333;0,072916667;555,4583333;0
2024-01-07 00:00:00;0,572541642;0,603786036;553,375;0;20,28854167;0;555,4270833;0
2024-01-08 00:00:00;27,54101572;29,04396722;557,6076389;26,17708333;16,921875;0;555,0347222;35,44791667
2024-01-09 00:00:00;27,35569125;28,84852934;554,53125;4,864583333;17,04270833;0;553,1041667;21,64583333
2024-01-10 00:00:00;24,94568268;26,30700325;554,1875;14,625;15,61354167;0;553,6145833;64,48958333
2024-01-11 00:00:00;21,59187754;22,7701763;574,4895833;1,770833333;18,53194444;0,072916667;555,8298611;9,086805556
2024-01-12 00:00:00;22,1931385;23,40424891;555,46875;61,29166667;20,01666667;0,072916667;553,6145833;16,25
2024-01-13 00:00:00;6,885977885;7,261755269;557,8541667;21,40625;19,36354167;0;554,6145833;0
2024-01-14 00:00:00;3,083128198;3,251378789;554,5034722;20,25347222;18,384375;0;555,6979167;0
2024-01-15 00:00:00;22,48816417;23,71537455;551,1875;18,08333333;16,41770833;0;555,03125;51,58333333
2024-01-16 00:00:00;26,36292435;27,80158577;558,9166667;30,71875;13,85208333;0;555,8229167;82,98958333
2024-01-17 00:00:00;22,31233802;23,52995332;555,3506944;26,76041667;16,27743056;0,145833333;555,4722222;45,375
2024-01-18 00:00:00;18,29396969;19,29229704;553,3854167;14,03125;16,02083333;0,072916667;554,4270833;69,47916667
2024-01-19 00:00:00;23,41830491;24,69627435;555,75;19,97916667;14,6;0,072916667;555,0625;51,91666667
2024-01-20 00:00:00;5,78632569;6,102093525;556,5729167;0;15,115625;0,072916667;548,4201389;21,5
2024-01-21 00:00:00;2,704477977;2,852065099;554,3854167;0,229166667;14,7;0;555,53125;39,22916667
2024-01-22 00:00:00;22,03675107;23,23932721;545,0729167;271,3645833;18,70833333;0,21875;537,34375;295,7604167
2024-01-23 00:00:00;24,0195848;25,33036693;555,0451389;552,6041667;20,96527778;0,291666667;555,1493056;553,9444444
2024-01-24 00:00:00;21,75977738;22,94723867;555,8020833;556,1458333;20,64791667;0,072916667;557,34375;555,4791667
2024-01-25 00:00:00;23,67120113;24,96297148;554,96875;555,125;19,83125;0,072916667;556,3645833;555,25
2024-01-26 00:00:00;27,6186636;29,12585246;555,7777778;552,6423611;19,41423611;0;553,4791667;555,2986111
2024-01-27 00:00:00;1,314128092;1,385841889;555,78125;566,9895833;19,715625;0;555,8854167;558,25
2024-01-28 00:00:00;0,648576224;0,68396993;555,4479167;554,7916667;19,340625;0;555,0104167;555,8333333
2024-01-29 00:00:00;6,314485243;6,659075479;556;548,03125;20,85034722;0,072916667;554,5555556;552,0798611
2024-01-30 00:00:00;5,586385241;5,891242048;555,5520833;552,40625;20,78854167;0;554,5625;555,8229167
2024-01-31 00:00:00;5,48666083;5,786075537;558,2604167;554,2916667;20,740625;0;555,1354167;553,1875
2024-02-01 00:00:00;4,01996575;4,239340868;555,1979167;551,8298611;19,94340278;0;552,8993056;555,0173611
2024-02-02 00:00:00;5,97446932;6,300504414;557,4583333;573,8541667;20,50833333;0;552,8333333;553,9166667
2024-02-03 00:00:00;1,28760782;1,357874369;557,6666667;552,6354167;18,95208333;0;554,9270833;553,15625
2024-02-04 00:00:00;0,613925506;0,647428274;557,3402778;550,4513889;18,34965278;0;556,1909722;554,8576389
2024-02-05 00:00:00;31,28140063;32,98847014;556,1979167;556,6458333;19,5125;0;555,6145833;555,5625
2024-02-06 00:00:00;26,87344608;28,33996738;554,8645833;554,28125;19,70625;0,072916667;557,8020833;553,1875
2024-02-07 00:00:00;27,55538399;29,05911959;556,5416667;552,5208333;19,67465278;0,072916667;556,0208333;553,9340278
2024-02-08 00:00:00;22,9413176;24,19325718;556,46875;552,0729167;19,51979167;0;555,9166667;554,4375
2024-02-09 00:00:00;25,73332063;27,1376237;555,4583333;550,4479167;20,56770833;0;555,5833333;554,125
2024-02-10 00:00:00;6,861926057;7,236390899;554,3125;555,5451389;20,07083333;0;555,9375;556,7152778
2024-02-11 00:00:00;2,989421723;3,152558621;556,3333333;549,5208333;19,390625;0;555,5;554,90625
2024-02-12 00:00:00;30,55741656;32,22497725;556,9479167;556,7916667;20,20104167;0,21875;555,3958333;549,7083333
2024-02-13 00:00:00;25,64848577;27,04815929;559,0868056;550,0451389;20,62152778;0,072916667;556,2916667;547,3854167
2024-02-14 00:00:00;30,31009018;31,96415393;556,2395833;552,9375;20,99791667;0;553,2083333;553,6041667
2024-02-15 00:00:00;25,38258985;26,76775305;556,65625;550,8541667;21,60104167;0;556,7569444;551,7395833
2024-02-16 00:00:00;30,55317894;32,22050838;556,9375;551,6458333;21,76770833;0;555,0729167;553,7395833
2024-02-17 00:00:00;7,799777004;8,225421676;556,3541667;551,4166667;20,35625;0;554,34375;554,1354167
2024-02-18 00:00:00;3,485422399;3,675626743;556,4201389;555,625;19,32291667;0;555,1319444;556,9722222
2024-02-19 00:00:00;23,68308777;24,97550679;556,6979167;553,2291667;20,56666667;0;556,6979167;554,9479167
2024-02-20 00:00:00;28,4837063;30,03810174;556,6354167;552,3854167;20,215625;0,145833333;555,8229167;554,8125
2024-02-21 00:00:00;25,61339814;27,01115687;558,5833333;553,9722222;20,29027778;0,145833333;555,3611111;550,3576389
2024-02-22 00:00:00;22,7192515;23,95907263;556,78125;549,71875;20,23020833;0;556,1145833;554,5729167
2024-02-23 00:00:00;24,48043503;25,8163664;557,2083333;553,7604167;20,26875;0;557,15625;553,8020833
2024-02-24 00:00:00;7,764056706;8,187752071;556,3506944;557,6041667;19,60659722;0;554,5243056;554,8923611
2024-02-25 00:00:00;4,088021876;4,311110911;557,28125;558,7916667;19,12083333;0;553,7083333;556,9791667
2024-02-26 00:00:00;35,51534899;37,45347094;555,5520833;549,8541667;20,46666667;0;554,5520833;554,3958333
2024-02-27 00:00:00;29,04202688;30,62689065;551,2986111;557,0972222;20,12638889;0,072916667;554,9826389;557,1875
2024-02-28 00:00:00;31,11719009;32,8152984;557,6354167;551,5625;20,40520833;0,072916667;553,3020833;555,5729167
2024-02-29 00:00:00;27,25160917;28,73876736;556,5625;555,9479167;19,39166667;0;555,5729167;555,875
2024-03-01 00:00:00;28,38427912;29,93324868;556,2430556;557,9375;19,68645833;0;555,1909722;554,1875
2024-03-02 00:00:00;7,272997055;7,669894613;556,0416667;556,1770833;18,93125;0,072916667;555,8020833;554,1041667
2024-03-03 00:00:00;4,267392518;4,500270058;556,125;552,03125;18,5375;0;554,59375;555,5729167
2024-03-04 00:00:00;35,93153915;37,89237318;555,2534722;547,9479167;21,378125;0;556,5104167;550,7152778
2024-03-05 00:00:00;28,62156969;30,18348852;557,1458333;551,78125;20,85;0;554,2291667;554,5729167
2024-03-06 00:00:00;36,27037233;38,24969696;556,3125;552,25;20,409375;0;554,5833333;555,8229167
2024-03-07 00:00:00;24,27000571;25,59445366;555,09375;551,6944444;20,20520833;0;555,4965278;557,5277778
2024-03-08 00:00:00;33,30135876;35,11866019;557,0729167;578,5416667;20,89479167;0,072916667;555,34375;548,65625
2024-03-09 00:00:00;1,620785763;1,709234295;556,8958333;554,53125;20,359375;0;555,0208333;554,40625
2024-03-10 00:00:00;0,754593142;0,795772338;557,0868056;552,875;19,65208333;0;554,3333333;555,2951389
2024-03-11 00:00:00;6,481977926;6,83570847;556,21875;554,5729167;20,56041667;0;553,75;551,125
2024-03-12 00:00:00;6,245304854;6,58611982;556,4166667;547,875;20,09583333;0;554,1041667;546,84375
2024-03-13 00:00:00;6,065110447;6,396091954;555,9895833;543,0833333;20,29270833;0,072916667;554,2083333;556,1180556
2024-03-14 00:00:00;5,245063356;5,531293753;551,0208333;553,9791667;21,28854167;0,291666667;554,6875;545,90625
2024-03-15 00:00:00;6,260259325;6,601890378;555,40625;556,2708333;21,17395833;0;555,3020833;552,4583333
2024-03-16 00:00:00;1,693395981;1,785806953;554,6354167;553,0625;19,88819444;0,072916667;556,9861111;554,0347222
2024-03-17 00:00:00;0,818434139;0,863097227;556,3541667;555,78125;19,44791667;0;556,0416667;553,5
2024-03-18 00:00:00;35,10301745;37,0186379;486,59375;473,0729167;20,925;0;482,7604167;553,875
2024-03-19 00:00:00;32,33996945;34,10480653;505,8958333;511,9479167;21,55729167;0,072916667;288,4375;555,6354167
2024-03-20 00:00:00;34,02185342;35,87847324;556,5053819;543,0201042;21,25233681;0,034270833;555,6238542;555,7357639
2024-03-21 00:00:00;25,49232055;26,88347191;556,1591319;547,7301042;20,93125694;0,051770833;555,8528819;554,3367014
2024-03-22 00:00:00;31,34704073;33,05769231;556,3673958;549,5032292;20,64670833;0,023333333;555,9222917;555,3498958
2024-03-23 00:00:00;7,328197539;7,728107464;556,0327778;549,9634722;19,79273611;0,0371875;556,2178819;555,7254514
2024-03-24 00:00:00;4,364187314;4,602347082;555,8947917;551,0216667;19,26176389;0,034270833;555,2572569;555,3163889
2024-03-25 00:00:00;21,48490292;22,65736393;538,5648264;495,5921528;20,87835069;0,040833333;514,7446181;556,1594792
2024-03-26 00:00:00;18,72968204;19,75178682;543,1409375;528,1885417;20,97292361;0,045208333;506,6820486;556,394375
2024-03-27 00:00:00;18,57615477;19,58988135;556,1418403;550,3240625;21,08363889;0,0371875;555,4602431;557,0907986
2024-03-28 00:00:00;14,11469204;14,8849504;556,3860417;550,7319097;20,84648264;0,044479167;553,7119097;555,8554167
2024-03-29 00:00:00;17,43156311;18,38282774;556,2024306;552,4241319;20,35359375;0,034270833;555,3063194;556,2910764
2024-03-30 00:00:00;4,803504378;5,065638288;555,6857639;553,2039583;20,16401389;0,0371875;554,9082639;556,4821181
2024-03-31 00:00:00;2,192337875;2,311976799;555,8775347;552,8307292;19,52692014;0,033541667;554,8783333;555,7854861
2024-04-01 00:00:00;20,40085587;21,51415893;546,1252778;505,6086458;20,30694792;0,116666667;532,5173611;553,1519444
2024-04-02 00:00:00;20,99405171;22,13972629;550,4911111;540,6111111;20,14744792;0,118854167;523,2745833;553,369375
2024-04-03 00:00:00;17,22704006;18,16714358;555,9801042;550,4725;20,68727083;0,0525;554,8929861;555,0749306
2024-04-04 00:00:00;13,8478432;14,60353925;556,0562847;552,9329167;20,66726042;0,045208333;554,2273958;554,7571528
2024-04-05 00:00:00;21,45244176;22,62313133;556,5043403;555,7441667;20,76949306;0,047395833;555,0481944;555,3557292
2024-04-06 00:00:00;5,447278649;5,744544216;556,1503125;552,9151042;19,35931944;0,048854167;555,3747917;555,3518056
2024-04-07 00:00:00;2,833773704;2,988416674;556,1669097;552,6400694;19,08358333;0,048854167;554,7937153;554,7555556
2024-04-08 00:00:00;19,43726563;20,49798423;546,3225;506,2369444;20,86356597;0,094791667;533,3308333;553,3591319
2024-04-09 00:00:00;21,24250271;22,40173561;551,0951736;534,3872222;20,89216667;0,0853125;524,1603819;553,6765625
2024-04-10 00:00:00;20,23990545;21,34442522;555,9602778;546,5226389;20,88515625;0,064895833;554,8155556;554,7885069
2024-04-11 00:00:00;17,9119207;18,88939911;556,2008681;549,4150347;20,78620833;0,086041667;555,1789931;553,8119444
2024-04-12 00:00:00;17,70368238;18,66979694;556,7241319;549,4327778;20,77716667;0,051770833;555,1476042;553,7891319
2024-04-13 00:00:00;5,61591993;5,922388486;555,325;547,4726389;19,90826736;0,056875;555,6967014;557,4203125
2024-04-14 00:00:00;2,355307653;2,483840065;555,1614931;549,2407986;19,67430903;0,070729167;555,4579514;555,4878125
2024-04-15 00:00:00;18,82633184;19,85371093;542,6686806;497,5174653;21,142875;0,0415625;533,1135764;553,0724653
2024-04-16 00:00:00;17,62075151;18,58234041;548,9129167;527,5559375;21,29504167;0,031354167;524,3147569;554,4899306
2024-04-17 00:00:00;19,79718107;20,87754076;556,0354514;543,8527431;21,35198958;0,020416667;555,1006597;555,0776042
2024-04-18 00:00:00;14,04135078;14,80760681;554,5733333;546,9872222;21,26697569;0,020416667;555,5040625;554,2196181
2024-04-19 00:00:00;19,68059843;20,75459604;554,8853125;546,9136806;21,26033333;0,029166667;555,7107986;555,1854861
2024-04-20 00:00:00;4,305909595;4,540889066;555,8229167;547,8611458;20,08199653;0,035729167;555,8563542;555,2701736
2024-04-21 00:00:00;2,218431576;2,339494471;555,7469444;550,0468403;19,28855556;0,042291667;555,6639583;554,924375
2024-04-22 00:00:00;19,14502729;20,18979804;531,8667014;494,9657639;20,88227431;0,0525;497,9451736;556,5589236
2024-04-23 00:00:00;19,64522401;20,71729119;543,4847917;527,8583681;20,96037153;0,075104167;507,0853819;556,3546181
2024-04-24 00:00:00;17,07709413;18,00901489;556,2702778;545,3339931;21,10213889;0,043020833;555,8656597;556,1112847
2024-04-25 00:00:00;19,19359766;20,24101896;556,2550347;549,76;20,85352431;0,035;555,1917014;555,4488194
2024-04-26 00:00:00;22,88615474;24,13508402;556,2839931;550,6415278;20,66510764;0,02625;554,4369792;555,8330556
2024-04-27 00:00:00;4,972430902;5,243783367;555,7962153;556,1093056;20,09183681;0,039375;555,1401042;557,2809028
2024-04-28 00:00:00;2,279465702;2,403859313;555,7878125;552,2910417;19,46340625;0,0371875;554,2393056;556,5525
2024-04-29 00:00:00;22,20730905;23,41919277;538,5673958;496,6960417;20,56670486;0,0678125;515,4460069;556,2864931
2024-04-30 00:00:00;21,5300226;22,70494585;543,1777431;530,4761806;20,67024653;0,062708333;506,8975347;557,0172917
2024-05-01 00:00:00;22,88355044;24,1323376;556,0669792;551,9612153;20,01482292;0,080208333;554,7826042;554,7288889
2024-05-02 00:00:00;16,78440275;17,70035093;555,6958681;561,1217361;19,94830208;0,082395833;554,4852778;554,5399653
2024-05-03 00:00:00;21,20237889;22,35942217;556,3455903;556,5154167;20,59791667;0,043020833;554,7461111;554,9846181
2024-05-04 00:00:00;5,886957106;6,208216537;555,9026042;552,0034375;19,10596875;0,044479167;555,1741667;554,9348611
2024-05-05 00:00:00;2,932520658;3,092552386;555,9912153;552,2094792;18,82356944;0,030625;554,8578125;554,7077778
2024-05-06 00:00:00;23,94003972;25,24648096;546,0802431;505,3863889;21,03063542;0,064166667;533,2420486;554,2295139
2024-05-07 00:00:00;18,81947674;19,84648174;551,1939583;535,0001389;20,92026042;0,059791667;524,2956597;553,9143056
2024-05-08 00:00:00;23,04510515;24,30270857;556,1952083;551,2108333;20,92596875;0,072916667;554,9469097;554,3839931
2024-05-09 00:00:00;15,06903893;15,89137732;556,3990972;550,8559722;20,83010417;0,091875;555,3585417;553,6885069
2024-05-10 00:00:00;19,11134863;20,15428148;556,7425;551,3582986;20,84010417;0,095520833;555,2392361;554,4675
2024-05-11 00:00:00;5,046704544;5,322110225;555,9759722;549,1962847;19,98018403;0,081666667;555,7389931;554,6622222
2024-05-12 00:00:00;2,995347436;3,158807709;556,0103819;548,8469444;19,5974375;0,0590625;555,1158681;553,6733681
2024-05-13 00:00:00;21,68620458;22,8696509;545,8759722;498,4607292;20,91352083;0,067083333;533,0595139;552,2675694
2024-05-14 00:00:00;19,74938421;20,82713555;550,3423958;528,4198264;21,29904167;0,086041667;524,0933681;552,2641319
2024-05-15 00:00:00;19,1053011;20,14790394;555,8663194;544,5365972;21,34021875;0,026979167;555,0204167;554,2448958
2024-05-16 00:00:00;16,58755829;17,4927644;556,0912847;548,1850347;21,26656944;0,026979167;555,7993403;553,6783333
2024-05-17 00:00:00;20,45796553;21,57438514;556,4357292;549,4915278;21,09941319;0,0109375;555,6171875;554,6325694
2024-05-18 00:00:00;5,245364422;5,531611249;554,3685417;548,0221875;19,90839583;0,016041667;555,9696528;554,9481597
2024-05-19 00:00:00;2,709052378;2,856889131;554,3796181;547,5427778;19,43837847;0,02625;555,7826042;555,0471528
2024-05-20 00:00:00;20,46217658;21,578826;533,6190625;494,1289583;20,97426389;0,0525;497,3119444;556,2209375
2024-05-21 00:00:00;21,69938781;22,88355356;539,5589236;527,1966667;20,99432292;0,083854167;486,49625;555,811875
2024-05-22 00:00:00;19,14606859;20,19089617;556,3241319;543,4963194;21,09423958;0,040833333;555,7646528;556,0152431
2024-05-23 00:00:00;15,14157308;15,96786977;556,3588542;547,9065625;20,85896528;0,033541667;556,1915278;555,1752083
2024-05-24 00:00:00;20,03784582;21,13133891;556,4951389;550,6246528;20,67790625;0,029895833;555,3990625;555,2753472
2024-05-25 00:00:00;4,654191424;4,908177118;556,0884028;551,4414583;19,90843403;0,036458333;554,9430208;556,2062153
2024-05-26 00:00:00;2,364642842;2,493684688;555,6970486;551,2697569;19,22357986;0,0284375;554,6883681;555,9125347
2024-05-27 00:00:00;21,96371225;23,16230255;538,2107639;497,0825;20,85641319;0,0678125;515,2800347;556,805625
2024-05-28 00:00:00;21,21655691;22,3743739;543,4779861;530,7526389;20,97318403;0,069270833;507,1526389;557,1429167
2024-05-29 00:00:00;19,9323002;21,02003353;556,2798611;548,1384375;20,76135764;0,043020833;555,2679861;556,6710764
2024-05-30 00:00:00;13,63215722;14,37608298;556,1522569;551,0028472;20,50848958;0,0371875;555,2671875;555,2652083
2024-05-31 00:00:00;21,01128326;22,15789819;556,2223611;552,3360417;20,34836458;0,032083333;555,0549306;555,3828125
2024-06-01 00:00:00;0,956366683;1,008556942;555,3176736;553,7762847;19,8765;0,126145833;555,2221528;553,3667708
2024-06-02 00:00:00;2,320314184;2,446936954;555,1575;553,1244792;18,89326736;0,108645833;555,6878125;554,4365625
2024-06-03 00:00:00;20,19977754;21,30210748;545,814375;503,0635417;21,0018125;0,071458333;533,0830903;553,4698958
2024-06-04 00:00:00;20,71408078;21,84447696;551,0629861;533,9607986;20,92095833;0,071458333;524,5967361;553,6261458
2024-06-05 00:00:00;20,78058166;21,91460688;555,9888542;549,7777083;20,973375;0,045208333;554,9305903;555,3583333
2024-06-06 00:00:00;14,94683104;15,76250039;556,1267361;553,8427083;20,81688542;0,0371875;555,2490625;554,8233681
2024-06-07 00:00:00;20,54637322;21,66761736;556,7512847;556,2803472;20,79960764;0,0503125;554,9223611;555,4705556
2024-06-08 00:00:00;4,212139;4,442001279;556,3929514;553,9168403;19,62920486;0,099166667;555,4460417;554,2708333
2024-06-09 00:00:00;2,560571224;2,700305154;556,1122222;551,8675694;19,65733333;0,081666667;555,0348958;554,1388542
2024-06-10 00:00:00;18,65976647;19,67805586;546,3547917;503,9645833;20,83843056;0,0940625;532,9727778;553,3396528
2024-06-11 00:00:00;20,31007093;21,41841973;550,9712847;531,9922222;20,8689375;0,080208333;524,0763194;552,6413194
2024-06-12 00:00:00;20,75701804;21,88975737;555,9903472;543,9250694;20,83941667;0,042534722;554,7654861;553,7732639
2024-06-13 00:00:00;17,17491722;18,11217632;555,5728125;547,4815972;20,76741667;0,0590625;554,9668056;556,1578125
2024-06-14 00:00:00;17,7042205;18,67036442;555,9310069;549,6096528;21,15930208;0,060520833;555,2711806;555,7509375
2024-06-15 00:00:00;4,851528208;5,116282846;555,5322917;549,9347569;19,93570833;0,031354167;556,2213889;554,5130208
2024-06-16 00:00:00;2,457797372;2,591922791;554,4562153;548,8834375;19,67185069;0,026979167;555,9249306;554,7305556
2024-06-17 00:00:00;18,65675604;19,67488115;542,5867708;495,3462847;21,15423958;0,021145833;533,2715972;554,7576389
2024-06-18 00:00:00;20,79705902;21,93198344;531,7401042;525,9971528;21,29041667;0,030625;319,3361458;555,5339583
2024-06-19 00:00:00;17,50100623;18,45606047;554,5648611;540,5188889;21,56369444;0,0371875;555,2611458;555,6692708
2024-06-20 00:00:00;18,26512115;19,26187419;556,1959375;545,7872917;21,02621181;0,035;555,7304167;554,5563194
2024-06-21 00:00:00;19,72161065;20,79784635;556,3504167;549,6598611;20,71931944;0,0415625;555,8098264;554,7611458
2024-06-22 00:00:00;4,955756921;5,226199464;555,9162847;549,7099653;19,79542361;0,035729167;556,0800347;555,7098264
2024-06-23 00:00:00;2,643484606;2,787743235;555,915625;550,2685764;19,19675347;0,032083333;555,9014236;555,4839931
2024-06-24 00:00:00;18,97052296;20,00577076;538,4275347;495,6182986;20,88293403;0,0525;515,1405556;556,2126736
2024-06-25 00:00:00;18,07372725;19,06003566;543,4431944;528,4769097;20,96216667;0,048854167;506,3852431;556,3353472
2024-06-26 00:00:00;16,24704545;17,1336693;556,1312153;545,21625;21,09984028;0,031354167;555,1743403;556,4421181
2024-06-27 00:00:00;16,75472043;17,66904881;556,1170486;553,2789931;20,83017361;0,040833333;555,2486806;556,0142708
2024-06-28 00:00:00;20,99329566;22,13892898;556,4110764;551,9665278;20,64717708;0,0371875;553,6628819;556,2847222
2024-06-29 00:00:00;4,95964213;5,230296695;555,8087153;553,4498958;20,129;0,039375;555,2559375;557,0430208
2024-06-30 00:00:00;2,322407119;2,449144103;555,7982639;552,6321875;19,54267708;0,0328125;554,9325;556,0511458
2024-07-01 00:00:00;18,11176193;19,10014595;546,1363542;505,3930556;20,30746875;0,116666667;530,0339583;553,2065278
2024-07-02 00:00:00;20,04603522;21,13997522;550,5463889;540,2248264;20,16120833;0,118125;521,0979514;553,3551736
2024-07-03 00:00:00;18,31607815;19,31561199;555,9533681;550,4895833;20,68803125;0,0525;554,8767014;555,1233681
2024-07-04 00:00:00;14,23081362;15,0074089;556,0775694;553,0236458;20,68227083;0,045208333;554,6303125;554,8213542
2024-07-05 00:00:00;18,85758219;19,88666666;556,5723264;555,8805208;20,78279861;0,047395833;555,0526389;555,1965278
2024-07-06 00:00:00;4,429329437;4,6710441;556,0666319;552,8109028;19,53750347;0,047395833;555,3836806;555,3378819
2024-07-07 00:00:00;2,384387085;2,514506402;556,1251736;552,7953125;19,28748264;0,047395833;554,7913194;554,6721528
2024-07-08 00:00:00;20,29371095;21,40116696;546,4500347;506,2835764;20,86625347;0,09625;533,3682292;553,5503472
2024-07-09 00:00:00;19,86179516;20,94568092;551,1485764;534,7517708;20,89294792;0,084583333;524,3969792;553,8057639
2024-07-10 00:00:00;20,70401762;21,83386464;555,9783333;546,6035417;20,88251042;0,064166667;554,7446875;554,7738542
2024-07-11 00:00:00;15,71657012;16,5742452;556,1971181;549,6927083;20,77497917;0,083854167;555,1567014;554,169375
2024-07-12 00:00:00;17,94319326;18,92237826;556,7078819;550,5138542;20,73088542;0,048125;555,0909375;554,0938542
2024-07-13 00:00:00;4,056848899;4,278236782;555,3525694;548,5339583;19,89513542;0,056875;555,7605208;557,1332292
2024-07-14 00:00:00;2,494927097;2,631078736;555,1992708;550,2380903;19,74293056;0,068541667;555,4743403;555,2751736
2024-07-15 00:00:00;15,76761236;16,62807288;546,8061458;517,5558681;21,10630208;0,037916667;539,4814236;553,7915625
2024-07-16 00:00:00;19,30606236;20,35962102;550,7135069;535,8384375;21,25391667;0,032083333;534,6761806;554,7586111
2024-07-17 00:00:00;20,26954687;21,37568421;556,0754861;547,2455903;21,31872917;0,018958333;555,0580556;555,7129861
2024-07-18 00:00:00;15,60081998;16,45217841;554,4492014;549,8007986;21,21518403;0,020416667;555,4104167;554,7083681
2024-07-19 00:00:00;16,63671261;17,54460114;554,9503125;549,8113194;21,19188542;0,0328125;555,5801736;555,3346181
2024-07-20 00:00:00;4,649298401;4,903017077;555,9471875;549,8582292;20,112625;0,040833333;555,7579167;555,2209375
2024-07-21 00:00:00;2,1316258;2,247951582;555,7062153;551,6866667;19,28148264;0,04375;555,8517708;554,9979167
2024-07-22 00:00:00;18,47902461;19,48745066;540,5781597;520,6223611;20,82302083;0,051041667;516,1815972;556,8488542
2024-07-23 00:00:00;20,4381095;21,55344554;547,6250347;538,8134028;20,9163125;0,072916667;521,9676736;556,4737847
2024-07-24 00:00:00;15,71142906;16,56882358;556,1583333;548,4909028;21,06793056;0,043020833;555,930625;556,6173958
2024-07-25 00:00:00;15,83019029;16,69406578;556,1836111;552,0727083;20,82288194;0,036458333;554,7599653;555,8190278
2024-07-26 00:00:00;17,63825818;18,60080245;556,4508333;552,5464236;20,62314931;0,031354167;554,3863194;555,9944444
2024-07-27 00:00:00;5,243591968;5,52974207;556,0622917;556,8579514;20,15058681;0,044479167;555,0534028;557,1670486
2024-07-28 00:00:00;2,671211773;2,816983512;555,8903472;553,8195139;19,51777083;0,04375;552,9902778;556,5650694
2024-07-29 00:00:00;17,40702624;18,35695185;544,6889931;521,8557986;20,55929861;0,065625;526,1130556;556,531875
2024-07-30 00:00:00;18,39300954;19,39674164;547,5373611;540,3908681;20,67555556;0,06125;522,0113542;557,0076389
2024-07-31 00:00:00;21,20315584;22,36024152;556,4620486;550,7683681;20,77816667;0,0415625;553,7293403;556,4407986
2024-08-01 00:00:00;15,77044284;16,63105783;556,2229514;556,2700347;20,07089583;0,094791667;554,1956597;555,1307639
2024-08-02 00:00:00;21,445506;22,61581707;556,0080556;563,1159028;19,97224653;0,09625;553,9763542;555,1223264
2024-08-03 00:00:00;5,382388066;5,676112464;555,5625;554,0323264;19,58248611;0,037916667;554,2013889;554,8695139
2024-08-04 00:00:00;2,218852004;2,339937841;555,8535069;555,0110417;19,46842014;0,018958333;554,800625;554,8804861
2024-08-05 00:00:00;17,02601241;17,95514557;556,9998611;554,3043403;21,16440625;0,075833333;556,4838889;555,3516667
2024-08-06 00:00:00;17,46678608;18,41997288;556,3383681;554,7959375;21,06440625;0,061979167;555,7719097;553,94
2024-08-07 00:00:00;21,36018754;22,52584266;556,0852431;554,4851736;20,86203125;0,027708333;554,7263889;555,3994444
2024-08-08 00:00:00;16,23931876;17,12552095;556,7076736;554,4237847;20,78038542;0,099166667;554,7732986;554,1567708
2024-08-09 00:00:00;22,89072668;24,13990545;557,1080903;554,1857986;20,75573958;0,109375;555,135625;554,6996875
2024-08-10 00:00:00;5,159972372;5,441559236;556,1773958;554,1784375;20,19930208;0,081666667;555,6434375;555,0019444
2024-08-11 00:00:00;2,853330537;3,009040751;555,91875;553,9440972;19,82397917;0,0853125;555,5248264;554,7365625
2024-08-12 00:00:00;22,1683531;23,37811094;556,7069444;552,6343056;20,8549375;0,078020833;556,1352778;553,2840278
2024-08-13 00:00:00;19,37706848;20,43450204;556,110625;551,5866667;20,89132292;0,064895833;555,7360417;553,2681597
2024-08-14 00:00:00;20,70962249;21,83977537;554,9594444;551,90375;21,25622917;0,049583333;554,7635069;555,3672569
2024-08-15 00:00:00;18,59006572;19,60455145;556,0721875;554,0673611;21,14426042;0,02625;555,3289236;553,6685417
2024-08-16 00:00:00;18,27078248;19,26784447;556,3421181;553,2179861;20,97335417;0,022604167;555,4071528;554,9334028
2024-08-17 00:00:00;4,905362925;5,173055397;556,1640278;552,9087153;19,98712153;0,022604167;555,6572222;554,6185764
2024-08-18 00:00:00;2,218275796;2,33933019;555,9436458;553,7903472;19,52873958;0,016041667;555,7833681;554,8852083
2024-08-19 00:00:00;21,02751553;22,17501628;555,2837847;549,3684028;21,20997222;0,051041667;554,2771528;555,9298264
2024-08-20 00:00:00;17,13638395;18,07154024;555,1075694;550,8974653;20,9735625;0,0721875;555,2528819;555,3317361
2024-08-21 00:00:00;19,25478962;20,30555025;555,8697917;552,0312153;21,05461111;0,058333333;555,6422917;555,4396875
2024-08-22 00:00:00;14,35410007;15,13742326;556,0418403;553,8936458;20,76032292;0,034270833;555,7507639;555,3070139
2024-08-23 00:00:00;22,51653136;23,74528977;556,5186806;554,0693403;20,57825694;0,031354167;556,32;555,29375
2024-08-24 00:00:00;4,713162136;4,970365944;556,0877778;554,3638542;19,9965625;0,04375;555,5313194;555,3939583
2024-08-25 00:00:00;1,999228652;2,108329338;556,0960764;555,0686806;19,32328125;0,0371875;554,2744792;555,8120139
2024-08-26 00:00:00;20,19210169;21,29401274;555,4345139;550,7264236;20,81409722;0,043020833;553,5157292;556,1679167
2024-08-27 00:00:00;20,05734092;21,15189789;554,6946181;554,3128125;20,87099306;0,066354167;554,2293056;556,6151389
2024-08-28 00:00:00;16,48675313;17,38645816;556,3429167;554,2967708;21,03695833;0,051770833;550,9347917;556,9107639
2024-08-29 00:00:00;14,21086049;14,9863669;556,1804514;555,9492361;20,48596528;0,0459375;553,6948611;555,9151042
2024-08-30 00:00:00;20,36332083;21,47457555;556,2667361;555,3838889;20,33646181;0,040833333;554,2171181;555,4469444
2024-08-31 00:00:00;4,594883025;4,845632178;555,8161806;556,3962153;20,28229861;0,040833333;554,2515972;555,8723958
2024-09-01 00:00:00;2,173204072;2,291798838;555,4732639;554,3901389;20,03477778;0,129791667;555,5734028;553,6499653
2024-09-02 00:00:00;18,56820318;19,58149583;556,6960764;558,7096528;20,31389583;0,140729167;550,4751736;557,6149653
2024-09-03 00:00:00;21,37417965;22,54059834;555,8725;555,0671528;20,87427083;0,075833333;555,9996528;556,8652431
2024-09-04 00:00:00;21,31093643;22,47390385;556,1032639;555,8873611;20,77789931;0,040833333;554,1992708;556,1065972
2024-09-05 00:00:00;16,45206143;17,34987328;556,1821875;555,9918056;20,82574653;0,035729167;554,6152431;554,6535069
2024-09-06 00:00:00;17,38757168;18,33643564;556,6671181;556,9332639;20,76380208;0,048854167;554,8794792;554,9800694
2024-09-07 00:00:00;5,027845781;5,302222313;556,2824306;553,0978819;19,81906597;0,043020833;555,1475347;555,1764583
2024-09-08 00:00:00;2,535744153;2,674123236;556,3109722;554,4456597;19,64309722;0,101354167;554,8393403;554,2875694
2024-09-09 00:00:00;21,09167059;22,24267237;556,8316319;553,7924653;20,94273958;0,099895833;556,5333333;554,0020139
2024-09-10 00:00:00;19,92532907;21,01268197;556,2075694;553,5811111;20,90689583;0,0940625;555,5716319;554,2957292
2024-09-11 00:00:00;17,07050678;18,00206806;555,4719097;552,7440972;20,80845833;0,06125;554,8154514;555,4808333
2024-09-12 00:00:00;13,58601687;14,32742469;556,1162153;553,9829514;20,68482292;0,048854167;554,8822222;554,6271181
2024-09-13 00:00:00;21,08730197;22,23806534;555,9279861;552,4025;20,67319792;0,038645833;555,0341667;557,7937153
2024-09-14 00:00:00;4,785125874;5,046256844;555,4025347;552,7875;20,09416667;0,051770833;555,6842708;556,0819792
2024-09-15 00:00:00;2,646903414;2,791348612;555,5861806;553,4322222;19,82582639;0,033541667;555,7488194;554,7814583
2024-09-16 00:00:00;19,94395649;21,03232591;556,0544792;551,1130556;21,0544375;0,036458333;556,0986111;554,7705903
2024-09-17 00:00:00;16,13546774;17,01600264;555,8518403;551,7048264;21,16023958;0,038645833;555,3734028;554,2464931
2024-09-18 00:00:00;20,84003354;21,97730313;555,8045833;552,0215278;21,24066319;0,020416667;555,033125;555,6182292
2024-09-19 00:00:00;16,31605504;17,20644484;555,8567361;552,7638194;21,31568403;0,039375;555,4329514;554,7586111
2024-09-20 00:00:00;18,27834651;19,27582129;556,3294444;552,6893403;20,71545833;0,0328125;555,5475694;554,8094792
2024-09-21 00:00:00;5,04360434;5,318840839;555,7636111;553,8855903;19,82908333;0,049583333;555,8343056;554,8985069
2024-09-22 00:00:00;2,639075013;2,783093004;555,8327778;554,0765972;19,24748264;0,037916667;555,8411806;555,3847917
2024-09-23 00:00:00;21,46997852;22,64162509;555,1994792;551,0215278;20,79354167;0,065625;554,0468056;556,3451042
2024-09-24 00:00:00;16,61159351;17,51811126;555,4364931;551,9691667;20,88169444;0,069270833;554,2232292;555,5887153
2024-09-25 00:00:00;23,3509204;24,62521258;556,1400347;553,2841667;21,00671528;0,038645833;554,5082986;556,6964583
2024-09-26 00:00:00;20,48125029;21,59894058;556,1818403;554,8644444;20,78164583;0,035;554,4620833;555,6534722
2024-09-27 00:00:00;28,16616467;29,70323142;556,5061458;558,3076736;20,56871875;0,040833333;554,8282292;556,2179514
2024-09-28 00:00:00;6,557640822;6,915500396;556,0072917;556,6983681;20,21538889;0,046666667;551,9503819;556,6912847
2024-09-29 00:00:00;3,64045555;3,839120269;556,0038889;556,0245139;19,58386458;0,040833333;554,6298958;556,4080556
2024-09-30 00:00:00;24,49277038;25,8293749;555,6029514;551,3210764;20,53746528;0,070729167;554,1875;556,1629861
2024-10-01 00:00:00;22,6111247;23,8450452;556,1209375;554,9212847;20,25692708;0,107916667;550,8846875;556,8517014
2024-10-02 00:00:00;24,01950693;25,3302848;555,6610417;562,6151736;20,0758125;0,101354167;553,9763889;555,9828819
2024-10-03 00:00:00;22,04796258;23,25115054;556,0580556;556,9836458;20,66877083;0,040104167;554,5177083;554,9183333
2024-10-04 00:00:00;22,99701359;24,25199258;556,5440972;556,1015972;20,61346875;0,036458333;554,1662153;555,1974306
2024-10-05 00:00:00;6,606514088;6,967040744;555,7205556;553,5926042;19,66382986;0,0415625;554,8953472;555,0747917
2024-10-06 00:00:00;3,514991333;3,706809295;556,0195486;555,3788542;19,49938889;0,029895833;554,7892014;554,8369097
2024-10-07 00:00:00;27,35237638;28,84503358;556,9046528;553,8407639;21,02429167;0,065625;556,5113542;555,166875
2024-10-08 00:00:00;23,22453381;24,49192889;556,5489583;553,6285069;20,96127083;0,105;555,8067014;553,7595139
2024-10-09 00:00:00;24,52271113;25,86094956;555,9760764;553,3497917;20,8644375;0,071458333;554,8572917;555,4395139
2024-10-10 00:00:00;21,84837065;23,0406666;556,1823611;554,8498611;20,7368125;0,086770833;554,8241319;554,6924306
2024-10-11 00:00:00;26,54775221;27,99649994;556,7686458;553,9096875;20,69363542;0,0875;555,1351736;554,8360069
2024-10-12 00:00:00;6,51095495;6,86626681;556,0907292;552,8379167;20,11378472;0,049583333;555,6462153;555,0112847
2024-10-13 00:00:00;2,809546467;2,962867322;555,1260764;552,4152431;19,82317708;0,053229167;555,3523611;557,1812153
2024-10-14 00:00:00;24,00517008;25,31516558;556,548125;551,7188889;21,09172917;0,071458333;556,2112847;553,8664236
2024-10-15 00:00:00;22,29162516;23,50811012;555,7702083;552,0902778;21,15017708;0,042291667;555,5294792;553,6213889
2024-10-16 00:00:00;23,77234629;25,06963626;555,6380208;551,6425;21,22836458;0,021875;555,0246875;555,3980208
2024-10-17 00:00:00;21,97633353;23,17561259;556,1281944;553,7398611;21,12145139;0,022604167;555,3587847;554,1336806
2024-10-18 00:00:00;23,47212363;24,75303004;556,4045486;553,4650694;20,96918403;0,0175;555,3337153;554,8411806
2024-10-19 00:00:00;1,398355512;1,474665716;555,8826042;552,3816319;20,12065278;0,040104167;555,6850694;555,0027431
2024-10-20 00:00:00;0,599336415;0,632043036;555,8848611;552,7686458;19,52852431;0,035729167;555,7379514;555,0638889
2024-10-21 00:00:00;4,80937617;5,071830512;554,4275347;550,9671181;20,80403472;0,069270833;554,7431597;556,0155556
2024-10-22 00:00:00;5,496863583;5,796835069;552,5035417;552,1253472;20,85733681;0,073645833;553,8105556;555,7024653
2024-10-23 00:00:00;4,870887354;5,136698447;556,1394792;552,0419444;21,01249306;0,045208333;556,1120486;556,3346528
2024-10-24 00:00:00;4,721717939;4,97938865;556,1544097;554,5911458;20,77261111;0,0371875;555,7262153;555,2526042
2024-10-25 00:00:00;5,332091511;5,623071156;556,4932986;554,8898611;20,57961806;0,034270833;554,4711806;555,7278472
2024-10-26 00:00:00;1,028587362;1,084718804;556,0460069;554,8712153;19,97206597;0,039375;554,7246181;556,0972222
2024-10-27 00:00:00;2,550568884;2,689756973;556,0326042;558,3576042;19,53917361;0,040104167;554,8770833;556,3835764
2024-10-28 00:00:00;24,01587347;25,32645306;555,4622222;551,9867014;20,79846181;0,078020833;553,9698611;556,5967361
2024-10-29 00:00:00;25,35335442;26,73692221;555,3452778;553,0456944;20,64711458;0,07;554,3838194;556,2244444
2024-10-30 00:00:00;20,44942177;21,56537514;556,3113542;553,9154514;20,74102431;0,045208333;553,6015972;556,5131944
2024-10-31 00:00:00;21,58953241;22,7677032;556,2536806;555,5286806;20,48596528;0,04375;553,5086111;554,9481944
2024-11-01 00:00:00;22,17558969;23,38574244;556,6319444;556,1909722;20,00104167;0,072916667;554,7465278;555,4965278
2024-11-02 00:00:00;6,606981507;6,96753367;553,6041667;550,7083333;19,475;0,145833333;553,4479167;554,6875
2024-11-03 00:00:00;2,988022803;3,151083361;556,0208333;558,4756944;19,61701389;0;553,9722222;554,5416667
2024-11-04 00:00:00;20,68593612;21,81479641;557,3333333;555,1666667;21,16875;0,072916667;556,6875;560,9270833
2024-11-05 00:00:00;25,51946985;26,91210279;556,4583333;553;21,35520833;0,072916667;555,3333333;553,9375
2024-11-06 00:00:00;25,08827303;26,45737496;555,78125;559,6076389;20,97708333;0;554,8090278;554,96875
2024-11-07 00:00:00;16,69341701;17,60439998;557,21875;554,03125;20,34791667;0;554,78125;554,6770833
2024-11-08 00:00:00;26,46926718;27,91373188;558,1145833;552,03125;20,46354167;0,291666667;554,7604167;554,03125
2024-11-09 00:00:00;6,669001642;7,03293833;557,0347222;561,9375;21,20798611;0,145833333;556,5729167;556,7048611
2024-11-10 00:00:00;2,819319192;2,973173359;556;554,0625;20,75520833;0,21875;555,28125;554,1145833
2024-11-11 00:00:00;24,05796106;25,37083743;556,53125;549,40625;20,36875;0,145833333;556,3229167;554,9791667
2024-11-12 00:00:00;25,77455393;27,18110717;555,4548611;553,4097222;19,99583333;0;556,0694444;550,8506944
2024-11-13 00:00:00;23,27582955;24,54602392;550,3333333;549,5833333;19,45729167;0;555,3854167;556,3333333
2024-11-14 00:00:00;17,87843022;18,854081;555,65625;550,2916667;19,73333333;0;555,1458333;555,46875
2024-11-15 00:00:00;20,00854854;21,10044284;556,1909722;551,0590278;19,90833333;0;556,2256944;554,3923611
2024-11-16 00:00:00;6,241745906;6,582366655;555,3333333;552,6875;18,88125;0;554,5729167;556,0104167
2024-11-17 00:00:00;3,240335443;3,417165051;556,8541667;551,78125;18,55416667;0;555,6666667;554,9166667
2024-11-18 00:00:00;26,44353528;27,88659575;555,0625;550,0590278;19,803125;0;553,3576389;554,7881944
2024-11-19 00:00:00;23,90508217;25,20961573;556;551,5520833;19,78020833;0,072916667;555,3229167;554,4479167
2024-11-20 00:00:00;22,62591526;23,8606429;555,3229167;550,7291667;20,69166667;0;555,7083333;566,4895833
2024-11-21 00:00:00;19,12207186;20,1655899;554,3020833;556,5798611;19,27743056;0,072916667;555,4479167;554,2291667
2024-11-22 00:00:00;19,92904386;21,01659949;556,0729167;555,1458333;19,54270833;0;554,9479167;574,5208333
2024-11-23 00:00:00;5,913881924;6,23661068;556,4375;554,3125;18,21145833;0,072916667;559,2708333;554,7916667
2024-11-24 00:00:00;2,640713277;2,784820671;555,1944444;548,1666667;19,10451389;0,072916667;556,2083333;552,7083333
2024-11-25 00:00:00;26,43898714;27,88179941;556,3958333;552,4375;19,803125;0;552,7291667;553,4375
2024-11-26 00:00:00;29,03793724;30,62257783;554,875;550,3854167;20,10729167;0;554,3229167;554,6666667
2024-11-27 00:00:00;26,67040229;28,12584321;556,5798611;562,8159722;20,28194444;0;555,7534722;557,5347222
2024-11-28 00:00:00;18,88479187;19,91536121;555,6145833;556,8020833;20,86979167;0,21875;547,78125;575,1875
2024-11-29 00:00:00;28,07344216;29,60544892;555,53125;553,03125;21,04375;0,21875;555,7395833;553,4375
2024-11-30 00:00:00;6,702475107;7,068238489;555,75;555,7083333;20,16493056;0;554,6284722;555,5034722
2024-12-01 00:00:00;3,259600478;3,437481406;555,6770833;556,5833333;19,27604167;0;556,3958333;550,59375
2024-12-02 00:00:00;23,03397252;24,29096842;556,8541667;549,15625;20,503125;0;547,7604167;555,4479167
2024-12-03 00:00:00;28,57544693;30,13484879;555,0347222;549,5381944;19,309375;0,145833333;555,7465278;555,8854167
2024-12-04 00:00:00;27,62836364;29,13608184;555,6354167;552,4479167;19,30520833;0;554,3854167;556,3020833
2024-12-05 00:00:00;21,41037617;22,57877015;555,40625;554,1145833;18,81875;0;554,34375;555,1041667
2024-12-06 00:00:00;24,00404691;25,31398111;556,6145833;575,3576389;20,24236111;0,21875;555,9548611;552,3784722
2024-12-07 00:00:00;6,907027362;7,283953445;555,9895833;556,15625;19,71458333;0;555,6041667;557,2604167
2024-12-08 00:00:00;2,849349965;3,004842953;555,40625;545,9270833;19,18229167;0,072916667;554,0104167;555,4270833
2024-12-09 00:00:00;28,8240137;30,39698019;556,0833333;554,0520833;19,24027778;0;555,8194444;557,0104167
2024-12-10 00:00:00;28,90292485;30,48019763;555,9895833;553,8333333;18,728125;0;554,7916667;556,28125
2024-12-11 00:00:00;27,7970895;29,31401531;554,2916667;553,6979167;19,10520833;0,072916667;553,7916667;553,4375
2024-12-12 00:00:00;19,20707088;20,25522744;557,4965278;554,09375;18,50277778;0;556,34375;554,1423611
2024-12-13 00:00:00;24,14377972;25,46133933;558,25;550,25;18,99166667;0;555,4791667;554,1354167
2024-12-14 00:00:00;5,513026619;5,813880144;554,9791667;557,59375;18,11354167;0;555,1458333;556,28125
2024-12-15 00:00:00;3,114550362;3,284515704;554,4305556;554,0625;18,13541667;0,072916667;554,3229167;555,1527778
2024-12-16 00:00:00;28,64158862;30,20459992;555,78125;556,03125;19,471875;0,072916667;555,25;553,8020833
2024-12-17 00:00:00;28,00050367;29,52853007;554,9791667;548,3229167;19,16145833;0;554,0104167;554,28125
2024-12-18 00:00:00;28,02683083;29,55629394;557;549,6388889;19,37291667;0;553,7986111;554,6631944
2024-12-19 00:00:00;19,16903732;20,21511833;557,5729167;557,8229167;19,67916667;0,145833333;555,78125;553,90625
2024-12-20 00:00:00;29,1477831;30,73841813;555,8333333;559,8541667;19,840625;0,072916667;554,8854167;548,7291667
2024-12-21 00:00:00;1,277410734;1,347120814;549,9930556;550,2083333;19,23263889;0,072916667;556,8645833;555,4375
2024-12-22 00:00:00;0,702206909;0,740527316;556,5729167;551,2708333;19,07395833;0,145833333;555,4479167;554,4583333
2024-12-23 00:00:00;4,456401041;4,699593039;555,7708333;551,8958333;18,9125;0;554,9270833;556,2604167
2024-12-24 00:00:00;4,410137196;4,650804512;557,3541667;553,1944444;18,09930556;0;554,3645833;556,7569444
2024-12-25 00:00:00;5,561515585;5,86501522;555,1666667;555,9895833;17,62395833;0;549,6770833;549,1875
2024-12-26 00:00:00;4,9214657;5,190036924;557,4270833;559,7291667;18,26770833;0;553,9166667;574,5416667
2024-12-27 00:00:00;7,191809467;7,584276505;556,7986111;554,6736111;19,19861111;0,072916667;555,53125;549,5902778
2024-12-28 00:00:00;1,469123335;1,549295437;556,8854167;559,1145833;17,19270833;0;555,0416667;554,6145833
2024-12-29 00:00:00;0,756480483;0,797762675;558,0208333;554,8229167;17,14166667;0;556,6145833;555,75
2024-12-30 00:00:00;5,544488752;5,847059209;556,5243056;552,9826389;17,10416667;0;555,4861111;554,7430556
2024-12-31 00:00:00;6,692434996;7,057650475;556,34375;551,4583333;17,11145833;0;555,9270833;555,4895833
2025-01-01 00:00:00;6,610565227;6,971312959;558,0416667;554,71875;18,18854167;0,072916667;554,9166667;556,7708333
2025-01-02 00:00:00;5,28673565;5,575240163;556,2708333;554,1006944;18,30381944;0;554,9270833;555,8229167
2025-01-03 00:00:00;6,718349879;7,084979569;555,75;552,9479167;19,54791667;0;554,8958333;558,0520833
2025-01-04 00:00:00;1,45392572;1,533268468;553,6145833;554,3125;19,1125;0;555,5625;556,21875
2025-01-05 00:00:00;0,828788181;0,874016304;556,8368056;549,09375;19,1875;0;554,5763889;553,6944444
2025-01-06 00:00:00;34,24310176;36,11179542;555,5416667;554,53125;19,83958333;0;553,8020833;554,7083333
2025-01-07 00:00:00;28,2767622;29,81986442;556,5208333;548,6875;19,465625;0;554,9583333;573,6979167
2025-01-08 00:00:00;30,00853946;31,64614716;555,7986111;554,2083333;18,02222222;0;554,9826389;555,6736111
2025-01-09 00:00:00;22,76762996;24,01009117;557,3333333;568,6770833;17,86145833;0;555,7916667;555,7916667
2025-01-10 00:00:00;36,57605152;38,57205749;556,5416667;546,9375;18,05;0;554,4583333;557,78125
2025-01-11 00:00:00;8,822478812;9,303933743;555,6006944;558,6423611;18,34340278;0;555,1944444;554,0520833
2025-01-12 00:00:00;4,644290719;4,897736118;556,8541667;552,2708333;18,49895833;0;553,6458333;554
2025-01-13 00:00:00;36,14380102;38,11621847;556,3229167;568,7708333;20,26770833;0;554,5520833;556,7708333
2025-01-14 00:00:00;28,19164981;29,73010732;556,8194444;553,9305556;20,31111111;0;554,0277778;552,6597222
2025-01-15 00:00:00;30,55563982;32,22310355;558,3541667;552,9583333;20,03229167;0,072916667;555,375;547,2708333
2025-01-16 00:00:00;26,60954881;28,06166887;555,7604167;556,6145833;19,721875;0;554,3229167;554,9270833
2025-01-17 00:00:00;27,93915511;29,46383364;557,0451389;554,0208333;18,51701389;0;551,6180556;554,4375
2025-01-18 00:00:00;7,62320094;8,03920961;557,8958333;546,8854167;18,81041667;0;554,125;556,4791667
2025-01-19 00:00:00;4,000739037;4,219064926;555,4375;553,4791667;18,16979167;0;555,2291667;553,84375
2025-01-20 00:00:00;34,55992362;36,44590668;555,3402778;551,7256944;19,15138889;0;554,6388889;553,7951389
2025-01-21 00:00:00;30,29697896;31,95032721;552,6666667;555,3645833;19,809375;0;555,34375;543,3645833
2025-01-22 00:00:00;27,72705952;29,24016369;555,90625;556,8229167;19,61770833;0;555,34375;555,7604167
2025-01-23 00:00:00;23,5920529;24,87950401;557,6458333;554,1701389;20,3;0;555,1006944;553,0451389
2025-01-24 00:00:00;28,1935733;29,73213578;557,2395833;550,9895833;19,24166667;0;555,34375;553,65625
2025-01-25 00:00:00;1,393666632;1,469720957;557,15625;549,7604167;18,88333333;0,072916667;555,375;555,3229167
2025-01-26 00:00:00;0,754393348;0,795561642;555,4895833;550,46875;18,32291667;0;555,8229167;555,1736111
2025-01-27 00:00:00;6,090747193;6,423127733;558,25;553,5;18,82604167;0,21875;553,9166667;554,1770833
2025-01-28 00:00:00;7,074985041;7,461076807;557,8020833;552,6041667;18,84270833;0;555,3854167;556,0625
2025-01-29 00:00:00;7,062138726;7,447529452;555,9340278;552,6041667;19,37048611;0;555,3645833;554,8090278
2025-01-30 00:00:00;5,273615547;5,561404077;556,9895833;552,6041667;19,959375;0;554,6770833;552,6666667
2025-01-31 00:00:00;6,909002055;7,286035899;557,1145833;555,8229167;19,628125;0;554,6666667;553,125
2025-02-01 00:00:00;1,68973457;1,781945734;556,2048611;550,2604167;20,35902778;0,145833333;554,3159722;549,7013889
2025-02-02 00:00:00;0,747970983;0,788788799;557,125;551,625;20,11979167;0,072916667;556,7916667;553,1458333
2025-02-03 00:00:00;29,35824455;30,96036475;554,8541667;549,53125;19,03958333;0;553,09375;553,8645833
2025-02-04 00:00:00;27,8279099;29,34651762;556,0486111;554,3263889;19,01736111;0;555,1041667;553,4375
2025-02-05 00:00:00;32,71836868;34,50385553;557,78125;552,7291667;19,01041667;0;555,9270833;556,625
2025-02-06 00:00:00;27,23228418;28,71838778;557,3229167;558,21875;18,78020833;0;556,2395833;555,2395833
2025-02-07 00:00:00;29,58287484;31,19725344;557,0659722;554,4965278;19,51006944;0,072916667;554,1076389;557,1006944
2025-02-08 00:00:00;8,325872014;8,780226422;556;550,9375;19,315625;0;555,8541667;555,59375
2025-02-09 00:00:00;4,071012717;4,293173539;555,5416667;554,5833333;19,35833333;0;555,25;555,1875
2025-02-10 00:00:00;27,93224563;29,4565471;557,8402778;556,3298611;19,93055556;0,072916667;557,1875;553,3263889
2025-02-11 00:00:00;30,51612016;32,18142725;554,4479167;553,8333333;20,315625;0;556,40625;548,8125
2025-02-12 00:00:00;35,29752111;37,2237559;556,2708333;553,6666667;20,1625;0;554,6458333;553,7604167
2025-02-13 00:00:00;22,44192064;23,66660744;557,3125;553,1354167;20,12361111;0;554,5381944;566,3506944
2025-02-14 00:00:00;29,6536756;31,2719179;555,3229167;553,625;20,79791667;0;556,03125;565,3333333
2025-02-15 00:00:00;7,613352505;8,028823732;554,4166667;553,8125;19,821875;0,145833333;556,6458333;555,25
2025-02-16 00:00:00;3,804322276;4,01192943;551,7673611;549,3055556;19,87986111;0,072916667;556,7395833;557,0555556
2025-02-17 00:00:00;31,01516168;32,70770215;555,3125;553,375;20,62916667;0;556,3645833;553,6666667
2025-02-18 00:00:00;35,75779686;37,70914954;557,9791667;558,3125;20,35625;0;556,2395833;554,6666667
2025-02-19 00:00:00;31,21987828;32,92359043;553,8284314;556,6323529;20,64803922;0;553,622549;555,0735294
;;;;;;;;
;;;;;;;;
;;;;;;;;
;;;;;;;;
;;;;;;;;
;;;;;;;;
;;;;;;;;
;;;;;;;;
;;;;;;;;
;;;;;;;;
;;;;;;;;
;;;;;;;;
;;;;;;;;
;;;;;;;;
;;;;;;;;
;;;;;;;;
;;;;;;;;
;;;;;;;;
;;;;;;;;
;;;;;;;;
;;;;;;;;
;;;;;;;;
;;;;;;;;
;;;;;;;;
;;;;;;;;
;;;;;;;;
;;;;;;;;
;;;;;;;;
;;;;;;;;
;;;;;;;;
;;;;;;;;
;;;;;;;;
;;;;;;;;
;;;;;;;;
;;;;;;;;
;;;;;;;;
;;;;;;;;
;;;;;;;;
;;;;;;;;
;;;;;;;;
;;;;;;;;
;;;;;;;;
;;;;;;;;
;;;;;;;;
;;;;;;;;
;;;;;;;;
;;;;;;;;
;;;;;;;;
;;;;;;;;
;;;;;;;;
;;;;;;;;
;;;;;;;;
;;;;;;;;
;;;;;;;;
;;;;;;;;
;;;;;;;;
;;;;;;;;
;;;;;;;;
;;;;;;;;
;;;;;;;;
;;;;;;;;
;;;;;;;;
;;;;;;;;
;;;;;;;;
;;;;;;;;
;;;;;;;;
;;;;;;;;
;;;;;;;;
;;;;;;;;
;;;;;;;;
;;;;;;;;
;;;;;;;;
;;;;;;;;
;;;;;;;;
;;;;;;;;
;;;;;;;;
;;;;;;;;
;;;;;;;;
;;;;;;;;
;;;;;;;;
;;;;;;;;
;;;;;;;;
;;;;;;;;
;;;;;;;;
;;;;;;;;
;;;;;;;;
;;;;;;;;
;;;;;;;;
;;;;;;;;
;;;;;;;;
;;;;;;;;
;;;;;;;;
;;;;;;;;
;;;;;;;;
;;;;;;;;
;;;;;;;;
;;;;;;;;
;;;;;;;;
;;;;;;;;
;;;;;;;;
;;;;;;;;
;;;;;;;;
;;;;;;;;
;;;;;;;;
;;;;;;;;
;;;;;;;;
;;;;;;;;
;;;;;;;;
;;;;;;;;
;;;;;;;;
;;;;;;;;
;;;;;;;;
;;;;;;;;
;;;;;;;;
;;;;;;;;
;;;;;;;;
;;;;;;;;
;;;;;;;;
;;;;;;;;
;;;;;;;;
;;;;;;;;
;;;;;;;;
;;;;;;;;
;;;;;;;;
;;;;;;;;
;;;;;;;;
;;;;;;;;
;;;;;;;;
;;;;;;;;
;;;;;;;;
;;;;;;;;
;;;;;;;;
;;;;;;;;
;;;;;;;;
;;;;;;;;
;;;;;;;;
;;;;;;;;
;;;;;;;;
;;;;;;;;
;;;;;;;;
;;;;;;;;
;;;;;;;;
;;;;;;;;
;;;;;;;;
;;;;;;;;
;;;;;;;;
;;;;;;;;
;;;;;;;;
;;;;;;;;
;;;;;;;;
;;;;;;;;
;;;;;;;;
;;;;;;;;
;;;;;;;;
;;;;;;;;
;;;;;;;;
;;;;;;;;
;;;;;;;;
;;;;;;;;
;;;;;;;;
;;;;;;;;
;;;;;;;;
;;;;;;;;
;;;;;;;;
;;;;;;;;
;;;;;;;;
;;;;;;;;
;;;;;;;;
;;;;;;;;
;;;;;;;;
;;;;;;;;
;;;;;;;;
;;;;;;;;
;;;;;;;;
;;;;;;;;
;;;;;;;;
;;;;;;;;
;;;;;;;;
;;;;;;;;
;;;;;;;;
;;;;;;;;
;;;;;;;;
;;;;;;;;
;;;;;;;;
;;;;;;;;
;;;;;;;;
;;;;;;;;
;;;;;;;;
;;;;;;;;
;;;;;;;;
;;;;;;;;
;;;;;;;;
;;;;;;;;
;;;;;;;;
;;;;;;;;
;;;;;;;;
;;;;;;;;
;;;;;;;;
;;;;;;;;
;;;;;;;;
;;;;;;;;
;;;;;;;;
;;;;;;;;
;;;;;;;;
;;;;;;;;
;;;;;;;;
;;;;;;;;
;;;;;;;;
;;;;;;;;
;;;;;;;;
;;;;;;;;
;;;;;;;;
;;;;;;;;
;;;;;;;;
;;;;;;;;
;;;;;;;;
;;;;;;;;
;;;;;;;;
;;;;;;;;
;;;;;;;;
;;;;;;;;
;;;;;;;;
;;;;;;;;
;;;;;;;;
;;;;;;;;
;;;;;;;;
;;;;;;;;
;;;;;;;;
;;;;;;;;
;;;;;;;;
;;;;;;;;
;;;;;;;;
;;;;;;;;
;;;;;;;;
;;;;;;;;
;;;;;;;;
;;;;;;;;
;;;;;;;;
;;;;;;;;
;;;;;;;;
;;;;;;;;
;;;;;;;;
;;;;;;;;
;;;;;;;;
;;;;;;;;
;;;;;;;;
;;;;;;;;
;;;;;;;;
;;;;;;;;
;;;;;;;;
;;;;;;;;
;;;;;;;;
;;;;;;;;
;;;;;;;;
;;;;;;;;
;;;;;;;;
;;;;;;;;
;;;;;;;;
;;;;;;;;
;;;;;;;;
;;;;;;;;
;;;;;;;;
;;;;;;;;
;;;;;;;;
;;;;;;;;
;;;;;;;;
;;;;;;;;
;;;;;;;;
;;;;;;;;
;;;;;;;;
;;;;;;;;
;;;;;;;;
;;;;;;;;
;;;;;;;;
;;;;;;;;
;;;;;;;;
;;;;;;;;
;;;;;;;;
;;;;;;;;
;;;;;;;;
;;;;;;;;
;;;;;;;;
;;;;;;;;
;;;;;;;;
;;;;;;;;
;;;;;;;;
;;;;;;;;
;;;;;;;;
;;;;;;;;
;;;;;;;;
;;;;;;;;
;;;;;;;;
;;;;;;;;
;;;;;;;;
;;;;;;;;
;;;;;;;;
;;;;;;;;
;;;;;;;;
;;;;;;;;
;;;;;;;;
;;;;;;;;
;;;;;;;;
;;;;;;;;
;;;;;;;;
;;;;;;;;
;;;;;;;;
;;;;;;;;
;;;;;;;;
;;;;;;;;
;;;;;;;;
;;;;;;;;
;;;;;;;;
;;;;;;;;
;;;;;;;;
;;;;;;;;
;;;;;;;;
;;;;;;;;
;;;;;;;;
;;;;;;;;
;;;;;;;;
;;;;;;;;
;;;;;;;;
;;;;;;;;
;;;;;;;;
;;;;;;;;
;;;;;;;;
;;;;;;;;
;;;;;;;;
;;;;;;;;
;;;;;;;;
;;;;;;;;
;;;;;;;;
;;;;;;;;
;;;;;;;;
;;;;;;;;
;;;;;;;;
;;;;;;;;
;;;;;;;;
;;;;;;;;
;;;;;;;;
;;;;;;;;
;;;;;;;;
;;;;;;;;
;;;;;;;;
;;;;;;;;
;;;;;;;;
;;;;;;;;
;;;;;;;;
;;;;;;;;
;;;;;;;;
;;;;;;;;
;;;;;;;;
;;;;;;;;
;;;;;;;;
;;;;;;;;
;;;;;;;;
;;;;;;;;
;;;;;;;;
;;;;;;;;
;;;;;;;;
;;;;;;;;
;;;;;;;;
;;;;;;;;
;;;;;;;;
;;;;;;;;
;;;;;;;;
;;;;;;;;
;;;;;;;;
;;;;;;;;
;;;;;;;;
;;;;;;;;
;;;;;;;;
;;;;;;;;
;;;;;;;;
;;;;;;;;
;;;;;;;;
;;;;;;;;
;;;;;;;;
;;;;;;;;
;;;;;;;;
;;;;;;;;
;;;;;;;;
;;;;;;;;
;;;;;;;;
;;;;;;;;
;;;;;;;;
;;;;;;;;
;;;;;;;;
;;;;;;;;
;;;;;;;;
;;;;;;;;
;;;;;;;;
;;;;;;;;
;;;;;;;;
;;;;;;;;
;;;;;;;;
;;;;;;;;
;;;;;;;;
;;;;;;;;
;;;;;;;;
;;;;;;;;
;;;;;;;;
;;;;;;;;
;;;;;;;;
;;;;;;;;
;;;;;;;;
;;;;;;;;
;;;;;;;;
;;;;;;;;
;;;;;;;;
;;;;;;;;
;;;;;;;;
;;;;;;;;
;;;;;;;;
;;;;;;;;
;;;;;;;;
;;;;;;;;
;;;;;;;;
;;;;;;;;
;;;;;;;;
;;;;;;;;
;;;;;;;;
;;;;;;;;
;;;;;;;;
;;;;;;;;
;;;;;;;;
;;;;;;;;
;;;;;;;;
;;;;;;;;
;;;;;;;;
;;;;;;;;
;;;;;;;;
;;;;;;;;
;;;;;;;;
;;;;;;;;
;;;;;;;;
;;;;;;;;
;;;;;;;;
;;;;;;;;
;;;;;;;;
;;;;;;;;
;;;;;;;;
;;;;;;;;
;;;;;;;;
;;;;;;;;
;;;;;;;;
;;;;;;;;
;;;;;;;;
;;;;;;;;
;;;;;;;;
;;;;;;;;
;;;;;;;;
;;;;;;;;
;;;;;;;;
;;;;;;;;
;;;;;;;;
;;;;;;;;
;;;;;;;;
;;;;;;;;
;;;;;;;;
;;;;;;;;
;;;;;;;;
;;;;;;;;
;;;;;;;;
;;;;;;;;
;;;;;;;;
;;;;;;;;
;;;;;;;;
;;;;;;;;
;;;;;;;;
;;;;;;;;
;;;;;;;;
;;;;;;;;
;;;;;;;;
;;;;;;;;
;;;;;;;;
;;;;;;;;
;;;;;;;;
;;;;;;;;
;;;;;;;;
;;;;;;;;
;;;;;;;;
;;;;;;;;
;;;;;;;;
;;;;;;;;
;;;;;;;;
;;;;;;;;
;;;;;;;;
;;;;;;;;
;;;;;;;;
;;;;;;;;
;;;;;;;;
;;;;;;;;
;;;;;;;;
;;;;;;;;
;;;;;;;;
;;;;;;;;
;;;;;;;;
;;;;;;;;
;;;;;;;;
;;;;;;;;
;;;;;;;;
;;;;;;;;
;;;;;;;;
;;;;;;;;
;;;;;;;;
;;;;;;;;
;;;;;;;;
;;;;;;;;
;;;;;;;;
;;;;;;;;
;;;;;;;;
;;;;;;;;
;;;;;;;;
;;;;;;;;
;;;;;;;;
;;;;;;;;
;;;;;;;;
;;;;;;;;
;;;;;;;;
;;;;;;;;
;;;;;;;;
;;;;;;;;
;;;;;;;;
;;;;;;;;
;;;;;;;;
;;;;;;;;
;;;;;;;;
;;;;;;;;
;;;;;;;;
;;;;;;;;
;;;;;;;;
;;;;;;;;
;;;;;;;;
;;;;;;;;
;;;;;;;;
;;;;;;;;
;;;;;;;;
;;;;;;;;
;;;;;;;;
;;;;;;;;
;;;;;;;;
;;;;;;;;
;;;;;;;;
;;;;;;;;
;;;;;;;;
;;;;;;;;
;;;;;;;;
;;;;;;;;
;;;;;;;;
;;;;;;;;
;;;;;;;;