#!(s),Date,Time,TA_HALL2_ET1,TA_SC2_ET1,CO_SC2_ET1,DBS_SC2_ET1,DBE_SC2_ET1,TA_FAB_LAB_ET1,CO_FAB_LAB_ET1,DBS_FAB_LAB_ET1,DBE_FAB_LAB_ET1,TA_HALL1_ET1
1710115226,11.03.2024,0:00:26,19.2,18.2,0,893,677,18.2,0,540,540,19.4
1710116129,11.03.2024,0:15:29,19.2,18.2,0,893,727,18.1,0,551,540,19.4
1710117033,11.03.2024,0:30:33,19.2,18.2,0,875,644,18.1,0,540,551,19.4
1710117936,11.03.2024,0:45:36,19.2,18.2,0,893,742,18.2,0,540,551,19.4
1710118839,11.03.2024,1:00:39,19.2,18.2,0,842,774,18.2,0,540,540,19.4
1710119742,11.03.2024,1:15:42,19.2,18.1,0,893,659,18.1,0,540,540,19.4
1710120645,11.03.2024,1:30:45,19.3,18.2,0,893,774,18.2,0,540,551,19.4
1710121548,11.03.2024,1:45:48,19.2,18.2,0,857,594,18.1,0,540,540,19.4
1710122452,11.03.2024,2:00:52,19.2,18.2,0,875,742,18.1,0,540,540,19.4
1710123355,11.03.2024,2:15:55,19.2,18.1,0,875,709,18.1,0,540,540,19.4
1710124258,11.03.2024,2:30:58,19.2,18.1,0,875,677,18.1,0,551,540,19.4
1710125161,11.03.2024,2:46:01,19.1,18.2,0,857,695,18.1,0,540,540,19.4
1710126064,11.03.2024,3:01:04,19.1,18.1,0,875,626,18.2,0,540,540,19.3
1710126967,11.03.2024,3:16:07,19.2,18.2,0,857,659,18.2,0,551,540,19.4
1710127871,11.03.2024,3:31:11,19.2,18.3,0,842,727,18.2,0,551,540,19.4
1710128774,11.03.2024,3:46:14,19.1,18.4,0,875,742,18.2,0,551,540,19.4
1710129677,11.03.2024,4:01:17,19.1,18.4,0,857,760,18.2,0,551,540,19.4
1710130580,11.03.2024,4:16:20,19.1,18.6,0,875,824,18.2,0,551,540,19.4
1710131483,11.03.2024,4:31:23,19.1,18.7,0,842,792,18.3,0,551,540,19.3
1710132387,11.03.2024,4:46:27,19.2,18.7,0,857,842,18.3,0,540,540,19.3
1710133290,11.03.2024,5:01:30,19.1,18.8,0,842,792,18.3,0,551,540,19.3
1710134193,11.03.2024,5:16:33,19.1,18.8,0,875,792,18.2,0,540,540,19.3
1710135096,11.03.2024,5:31:36,19.2,18.9,0,842,792,18.2,0,551,540,19.3
1710135999,11.03.2024,5:46:39,19.2,18.9,0,842,810,18.2,0,540,551,19.3
1710136902,11.03.2024,6:01:42,19.1,18.9,0,875,792,18.2,0,551,540,19.4
1710137805,11.03.2024,6:16:45,19.2,19,0,842,695,18.2,0,551,540,19.3
1710138709,11.03.2024,6:31:49,19.2,19,0,875,677,18.2,0,540,540,19.3
1710139612,11.03.2024,6:46:52,19.1,19,0,893,727,18.3,0,551,540,19.3
1710140515,11.03.2024,7:01:55,19.2,19,0,893,774,18.4,0,540,540,19.3
1710141418,11.03.2024,7:16:58,19.1,19.1,0,875,810,18.4,0,551,540,19.3
1710142321,11.03.2024,7:32:01,19.2,19,0,875,810,18.2,0,551,540,19.3
1710143224,11.03.2024,7:47:04,19.2,19,0,893,774,18.3,0,551,540,19.3
1710144127,11.03.2024,8:02:07,19.2,18.8,0,824,792,19.2,0,551,540,19.4
1710145031,11.03.2024,8:17:11,19.2,19.2,0,810,907,19.4,0,540,540,19.5
1710145934,11.03.2024,8:32:14,19.4,19.4,0,792,842,19.6,0,540,540,19.6
1710146837,11.03.2024,8:47:17,19.5,19.4,0,792,810,19.6,0,540,540,19.7
1710147740,11.03.2024,9:02:20,19.7,19.6,0,792,824,19,0,551,540,19.8
1710148643,11.03.2024,9:17:23,19.8,19.7,0,792,760,18.5,0,540,540,19.9
1710149546,11.03.2024,9:32:26,20,19.8,0,792,810,19.4,0,540,540,20
1710150447,11.03.2024,9:47:27,20.1,19.9,0,792,842,18.9,0,540,540,20.1
1710151351,11.03.2024,10:02:31,20.2,20.5,0,810,709,18.7,0,540,529,20.2
1710152254,11.03.2024,10:17:34,20.3,21,0,792,824,18.8,0,540,540,20.2
1710153157,11.03.2024,10:32:37,20.5,21.2,0,810,792,18.9,0,540,540,20.3
1710154060,11.03.2024,10:47:40,20.6,21.4,0,810,810,20,0,540,551,20.4
1710154963,11.03.2024,11:02:43,20.6,21.5,0,810,626,19.6,0,540,562,20.5
1710155866,11.03.2024,11:17:46,20.7,21.4,0,792,907,19.9,0,551,551,20.5
1710156769,11.03.2024,11:32:49,20.7,21.5,0,810,824,19.8,0,540,551,20.6
1710157673,11.03.2024,11:47:53,20.7,21.3,0,774,893,20,0,540,551,20.5
1710158576,11.03.2024,12:02:56,20.7,21.2,0,792,792,20.3,0,540,551,20.6
1710159479,11.03.2024,12:17:59,20.7,21,0,810,810,20.7,0,540,551,20.6
1710160382,11.03.2024,12:33:02,20.7,20.8,0,792,709,21.2,0,540,551,20.6
1710161285,11.03.2024,12:48:05,20.7,20.7,0,810,727,21.4,0,540,551,20.6
1710162188,11.03.2024,13:03:08,20.7,20.7,0,792,774,21.5,0,540,551,20.6
1710163091,11.03.2024,13:18:11,20.6,20.2,0,792,727,21.6,0,540,551,20.5
1710163995,11.03.2024,13:33:15,20.5,20.6,0,810,810,21,0,540,551,20.4
1710164898,11.03.2024,13:48:18,20.6,20.6,0,792,774,21.6,0,540,551,20.5
1710165801,11.03.2024,14:03:21,20.6,20.6,0,792,810,21.5,0,540,551,20.5
1710166704,11.03.2024,14:18:24,20.6,21.1,0,792,842,21.5,0,540,551,20.5
1710167607,11.03.2024,14:33:27,20.6,21.2,0,810,792,21.4,0,540,551,20.5
1710168510,11.03.2024,14:48:30,20.5,21.3,0,810,792,21.8,0,540,551,20.5
1710169413,11.03.2024,15:03:33,20.5,21.4,0,810,842,21.8,0,540,551,20.5
1710170317,11.03.2024,15:18:37,20.5,21.3,0,792,857,22,0,540,551,20.5
1710171220,11.03.2024,15:33:40,20.5,21.2,0,810,792,22.2,0,540,551,20.4
1710172123,11.03.2024,15:48:43,20.6,21,0,810,792,21.8,0,540,551,20.4
1710173026,11.03.2024,16:03:46,20.5,20.7,0,824,792,22.1,0,540,551,20.5
1710173929,11.03.2024,16:18:49,20.5,20.5,0,842,810,22.2,0,540,551,20.4
1710174832,11.03.2024,16:33:52,20.4,20.3,0,842,727,22.3,0,540,551,20.5
1710175735,11.03.2024,16:48:55,20.4,20.1,0,842,760,22.2,0,540,551,20.4
1710176638,11.03.2024,17:03:58,20.4,20,0,842,695,21.9,0,540,551,20.4
1710177541,11.03.2024,17:19:01,20.4,19.9,0,842,709,21.7,0,540,540,20.4
1710178445,11.03.2024,17:34:05,20.4,19.7,0,810,792,21.8,0,540,540,20.4
1710179348,11.03.2024,17:49:08,20.4,20.2,0,824,792,21.1,0,529,540,20.4
1710180251,11.03.2024,18:04:11,20.3,20.4,0,810,695,20.8,0,540,540,20.3
1710181154,11.03.2024,18:19:14,20.2,20.4,0,810,695,20.7,0,529,551,20.3
1710182057,11.03.2024,18:34:17,20.3,20.4,0,824,810,20.7,0,529,551,20.3
1710182960,11.03.2024,18:49:20,20.2,20.2,0,824,677,20.7,0,540,551,20.3
1710183863,11.03.2024,19:04:23,20.2,20.1,0,824,695,20.6,0,540,551,20.3
1710184767,11.03.2024,19:19:27,20.2,20.1,0,824,742,20.7,0,540,540,20.2
1710185670,11.03.2024,19:34:30,20.2,20,0,842,774,21,0,540,540,20.2
1710186573,11.03.2024,19:49:33,20.1,19.8,0,810,709,20.8,0,540,540,20.2
1710187476,11.03.2024,20:04:36,20.1,19.7,0,810,774,20.7,0,540,540,20.2
1710188379,11.03.2024,20:19:39,20.1,20.1,0,842,677,20.2,0,540,540,20.1
1710189283,11.03.2024,20:34:43,20,19.5,0,857,742,19.2,0,540,540,20.1
1710190186,11.03.2024,20:49:46,19.9,19.1,0,842,727,19.2,0,540,540,20.1
1710191089,11.03.2024,21:04:49,19.9,19.1,0,842,774,19,0,540,540,20.1
1710191992,11.03.2024,21:19:52,19.9,19.1,0,857,824,18.9,0,540,540,20
1710192895,11.03.2024,21:34:55,19.9,19,0,857,709,18.9,0,529,551,20
1710193798,11.03.2024,21:49:58,19.8,18.9,0,857,810,18.9,0,529,572,20
1710194702,11.03.2024,22:05:02,19.8,18.9,0,842,709,18.7,0,540,540,20
1710195605,11.03.2024,22:20:05,19.8,18.9,0,857,760,18.7,0,529,540,20
1710196508,11.03.2024,22:35:08,19.8,18.9,0,842,842,18.7,0,540,540,20
1710197411,11.03.2024,22:50:11,19.8,18.7,0,857,760,18.8,0,540,551,19.9
1710198314,11.03.2024,23:05:14,19.9,18.7,0,842,727,18.7,0,529,540,20
1710199217,11.03.2024,23:20:17,19.8,18.8,0,842,760,18.6,0,529,540,19.9
1710200120,11.03.2024,23:35:20,19.8,18.7,0,857,695,18.7,0,540,540,20
1710201024,11.03.2024,23:50:24,19.8,18.8,0,842,792,18.6,0,529,540,19.9
1710201927,12.03.2024,0:05:27,19.8,18.7,0,857,709,18.6,0,540,540,19.9
1710202830,12.03.2024,0:20:30,19.8,18.7,0,857,677,18.7,0,540,540,19.9
1710203733,12.03.2024,0:35:33,19.8,18.7,0,857,727,18.6,0,540,540,19.9
1710204636,12.03.2024,0:50:36,19.7,18.7,0,842,709,18.6,0,529,529,19.9
1710205539,12.03.2024,1:05:39,19.7,18.7,0,857,742,18.8,0,540,551,19.9
1710206442,12.03.2024,1:20:42,19.7,18.7,0,842,709,18.6,0,529,540,19.9
1710207345,12.03.2024,1:35:45,19.7,18.6,0,857,792,18.5,0,529,540,19.9
1710208249,12.03.2024,1:50:49,19.7,18.6,0,857,544,18.6,0,540,540,19.9
1710209152,12.03.2024,2:05:52,19.7,18.6,0,842,810,18.5,0,529,540,19.9
1710210055,12.03.2024,2:20:55,19.7,18.5,0,842,695,18.5,0,540,540,19.9
1710210958,12.03.2024,2:35:58,19.7,18.6,0,857,709,18.5,0,529,540,19.9
1710211861,12.03.2024,2:51:01,19.7,18.6,0,875,709,18.5,0,529,540,19.9
1710212764,12.03.2024,3:06:04,19.7,18.6,0,842,792,18.5,0,529,551,19.9
1710213668,12.03.2024,3:21:08,19.6,18.7,0,824,760,18.7,0,529,551,19.8
1710214571,12.03.2024,3:36:11,19.7,18.8,0,842,774,18.7,0,529,551,19.8
1710215474,12.03.2024,3:51:14,19.6,18.9,0,824,792,18.7,0,529,551,19.8
1710216377,12.03.2024,4:06:17,19.6,19,0,824,742,18.8,0,529,551,19.8
1710217280,12.03.2024,4:21:20,19.6,19.1,0,824,774,18.7,0,529,551,19.8
1710218184,12.03.2024,4:36:24,19.7,19.1,0,857,760,18.7,0,529,551,19.9
1710219087,12.03.2024,4:51:27,19.6,19.2,0,824,857,18.6,0,540,551,19.9
1710219990,12.03.2024,5:06:30,19.7,19.2,0,824,774,18.6,0,540,551,19.8
1710220893,12.03.2024,5:21:33,19.7,19.1,0,842,774,18.4,0,540,551,19.9
1710221796,12.03.2024,5:36:36,19.7,19.2,0,842,774,19,0,551,551,19.9
1710222699,12.03.2024,5:51:39,19.6,19.3,0,824,774,19.1,0,540,551,19.9
1710223603,12.03.2024,6:06:43,19.6,19.3,0,857,774,19,0,540,551,19.8
1710224506,12.03.2024,6:21:46,19.6,19.4,0,842,760,18.2,0,540,551,19.9
1710225409,12.03.2024,6:36:49,19.7,19.4,0,857,774,18.2,0,540,551,19.8
1710226312,12.03.2024,6:51:52,19.7,19.5,0,824,792,18.2,0,551,551,19.8
1710227215,12.03.2024,7:06:55,19.7,19.5,0,824,760,18.3,0,551,551,19.8
1710228118,12.03.2024,7:21:58,19.7,19.5,0,824,774,18.2,0,540,551,19.9
1710229022,12.03.2024,7:37:02,19.7,19.4,0,842,760,18.2,0,540,551,19.8
1710229925,12.03.2024,7:52:05,19.7,19.3,0,792,875,19.4,0,540,551,19.9
1710230828,12.03.2024,8:07:08,19.8,19.7,0,774,810,19.7,0,540,551,19.9
1710231731,12.03.2024,8:22:11,19.7,19.9,0,760,742,18.8,0,551,551,19.9
1710232634,12.03.2024,8:37:14,19.8,20,0,792,810,19.5,0,540,551,19.9
1710233537,12.03.2024,8:52:17,19.7,20.1,0,792,824,19.4,0,540,551,19.9
1710234440,12.03.2024,9:07:20,19.8,20.2,0,792,810,19.4,0,540,551,20
1710235344,12.03.2024,9:22:24,19.8,20.2,0,774,774,19.7,0,551,551,20
1710236247,12.03.2024,9:37:27,19.7,20.3,0,792,810,20.4,0,540,551,20
1710237150,12.03.2024,9:52:30,19.7,20.6,0,774,792,20.4,0,540,540,20
1710238053,12.03.2024,10:07:33,19.8,21,0,792,810,20.6,0,540,551,19.9
1710238956,12.03.2024,10:22:36,19.8,21.2,0,774,893,19.6,0,540,551,19.9
1710239859,12.03.2024,10:37:39,19.8,21.2,0,792,842,19.5,0,551,551,20
1710240763,12.03.2024,10:52:43,19.8,21.4,0,792,824,19.9,0,540,551,20
1710241666,12.03.2024,11:07:46,19.8,21.4,0,792,842,19.3,0,551,551,20.1
1710242569,12.03.2024,11:22:49,19.9,21.4,0,810,810,20.6,0,551,551,20.1
1710243472,12.03.2024,11:37:52,20,21.4,0,810,842,20.7,0,540,551,20.2
1710244375,12.03.2024,11:52:55,20,21.3,0,810,810,20.7,0,540,551,20.2
1710245278,12.03.2024,12:07:58,20,21.2,0,810,810,21,0,540,551,20.2
1710246181,12.03.2024,12:23:01,20.1,21.2,0,792,925,21,0,540,551,20.2
1710247084,12.03.2024,12:38:04,20.1,20.6,0,774,857,20.9,0,540,551,20.2
1710247988,12.03.2024,12:53:08,20.1,20.6,0,792,774,20.9,0,551,551,20.2
1710248891,12.03.2024,13:08:11,20.1,20.4,0,774,677,20.7,0,540,540,20.2
1710249794,12.03.2024,13:23:14,20.1,20.7,0,792,774,21,0,540,551,20.2
1710250697,12.03.2024,13:38:17,20.1,20.7,0,774,824,20.6,0,540,551,20.1
1710251600,12.03.2024,13:53:20,20.1,20.7,0,792,907,20,0,551,540,20.2
1710252503,12.03.2024,14:08:23,20.1,20.7,0,792,792,20.7,0,540,551,20.2
1710253406,12.03.2024,14:23:26,20.1,20.7,0,774,824,20.7,0,540,540,20.1
1710254310,12.03.2024,14:38:30,20.2,20.7,0,792,842,20.2,0,540,540,20.3
1710255213,12.03.2024,14:53:33,20.1,20.9,0,792,760,21.4,0,540,540,20.2
1710256116,12.03.2024,15:08:36,20.1,20.9,0,774,792,20.7,0,540,551,20.2
1710257019,12.03.2024,15:23:39,20.2,20.8,0,774,810,20.8,0,540,551,20.3
1710257922,12.03.2024,15:38:42,20.2,20.7,0,774,824,20.4,0,551,551,20.3
1710258825,12.03.2024,15:53:45,20.2,21,0,774,792,20.2,0,551,551,20.4
1710259729,12.03.2024,16:08:49,20.2,21.1,0,774,810,19.6,0,540,540,20.3
1710260632,12.03.2024,16:23:52,20.2,21.1,0,792,727,19.2,0,540,551,20.3
1710261535,12.03.2024,16:38:55,20.1,21.1,0,792,742,20.2,0,540,529,20.3
1710262438,12.03.2024,16:53:58,20.1,20.9,0,824,842,19.6,0,551,551,20.3
1710263341,12.03.2024,17:09:01,20.2,20.8,0,774,792,19.6,0,540,551,20.4
1710264244,12.03.2024,17:24:04,20.2,20.3,0,742,792,19.8,0,540,551,20.4
1710265147,12.03.2024,17:39:07,20.2,20.2,0,774,792,19.8,0,551,562,20.3
1710266051,12.03.2024,17:54:11,20.2,20.2,0,792,810,19.2,0,540,551,20.3
1710266954,12.03.2024,18:09:14,20.2,20.1,0,760,824,19.2,0,551,551,20.3
1710267857,12.03.2024,18:24:17,20.3,20,0,760,810,19.7,0,551,551,20.3
1710268760,12.03.2024,18:39:20,20.2,20,0,792,792,19.5,0,540,540,20.3
1710269663,12.03.2024,18:54:23,20.2,19.9,0,774,760,19.3,0,551,540,20.3
1710270566,12.03.2024,19:09:26,20.2,19.7,0,792,810,19.2,0,551,540,20.3
1710271470,12.03.2024,19:24:30,20.1,19.5,0,774,659,19.2,0,551,540,20.3
1710272373,12.03.2024,19:39:33,20.1,19.6,0,774,810,19.2,0,551,540,20.2
1710273276,12.03.2024,19:54:36,20,19.6,0,774,774,19.2,0,551,540,20.2
1710274179,12.03.2024,20:09:39,20,19.5,0,774,810,19.2,0,551,540,20.2
1710275082,12.03.2024,20:24:42,20.1,20,0,842,695,18.2,0,551,551,20.2
1710275985,12.03.2024,20:39:45,20,19.5,0,824,742,18.3,0,540,540,20.1
1710276889,12.03.2024,20:54:49,20,19.1,0,824,709,18,0,551,540,20.1
1710277792,12.03.2024,21:09:52,19.9,19.2,0,842,774,18.2,0,551,540,20
1710278695,12.03.2024,21:24:55,19.9,19.2,0,842,810,18.4,0,551,529,20
1710279598,12.03.2024,21:39:58,19.9,19.1,0,842,760,18.2,0,551,540,20.1
1710280501,12.03.2024,21:55:01,19.9,19,0,824,774,18.2,0,551,540,20
1710281404,12.03.2024,22:10:04,19.9,19,0,842,727,18.1,0,540,540,20
1710282307,12.03.2024,22:25:07,19.8,19,0,842,842,18.3,0,540,540,20
1710283211,12.03.2024,22:40:11,19.9,19,0,824,774,18.2,0,540,572,20
1710284114,12.03.2024,22:55:14,19.9,18.9,0,824,742,18.1,0,551,529,20
1710285017,12.03.2024,23:10:17,19.9,18.9,0,857,760,18.2,0,540,540,20
1710285920,12.03.2024,23:25:20,19.9,18.9,0,824,774,18.3,0,551,540,20
1710286823,12.03.2024,23:40:23,19.9,18.9,0,824,760,18.2,0,551,551,20
1710287726,12.03.2024,23:55:26,19.8,18.9,0,824,742,18.3,0,551,540,20
1710288629,13.03.2024,0:10:29,19.8,18.9,0,842,760,18.2,0,551,540,20
1710289533,13.03.2024,0:25:33,19.8,18.9,0,842,677,18.2,0,551,540,19.9
1710290436,13.03.2024,0:40:36,19.8,18.9,0,824,709,18.3,0,551,540,20
1710291339,13.03.2024,0:55:39,19.8,18.8,0,842,727,18.2,0,551,540,20
1710292242,13.03.2024,1:10:42,19.8,18.8,0,842,875,18.2,0,551,540,19.9
1710293145,13.03.2024,1:25:45,19.7,18.8,0,824,875,18.2,0,551,540,20
1710294048,13.03.2024,1:40:48,19.8,18.8,0,824,742,17.9,0,551,540,20
1710294952,13.03.2024,1:55:52,19.8,18.8,0,824,760,18.2,0,540,551,20
1710295855,13.03.2024,2:10:55,19.7,18.8,0,824,709,18,0,551,540,19.9
1710296758,13.03.2024,2:25:58,19.8,18.8,0,824,709,18,0,551,540,20
1710297661,13.03.2024,2:41:01,19.7,18.8,0,842,774,18.2,0,551,540,19.9
1710298564,13.03.2024,2:56:04,19.7,18.7,0,824,626,18.3,0,551,551,19.9
1710299467,13.03.2024,3:11:07,19.8,18.8,0,810,774,18.4,0,551,551,19.9
1710300371,13.03.2024,3:26:11,19.7,19,0,824,774,18.4,0,551,551,19.9
1710301274,13.03.2024,3:41:14,19.8,19.2,0,824,760,18.3,0,551,551,20
1710302177,13.03.2024,3:56:17,19.8,19.2,0,824,842,18.1,0,551,551,19.9
1710303080,13.03.2024,4:11:20,19.8,19.3,0,810,774,18.2,0,551,551,19.9
1710303983,13.03.2024,4:26:23,19.7,19.4,0,810,659,18.1,0,540,551,19.9
1710304886,13.03.2024,4:41:26,19.8,19.4,0,824,842,18.2,0,551,551,19.9
1710305789,13.03.2024,4:56:29,19.8,19.4,0,824,774,18.2,0,540,551,19.9
1710306693,13.03.2024,5:11:33,19.7,19.5,0,824,824,18.3,0,551,551,19.9
1710307596,13.03.2024,5:26:36,19.7,19.6,0,824,742,18.2,0,551,551,19.9
1710308499,13.03.2024,5:41:39,19.8,19.5,0,824,774,18.2,0,540,551,19.9
1710309402,13.03.2024,5:56:42,19.8,19.7,0,824,810,18.2,0,551,551,19.9
1710310305,13.03.2024,6:11:45,19.7,19.7,0,824,810,18.2,0,540,551,19.9
1710311208,13.03.2024,6:26:48,19.7,19.7,0,810,792,18.3,0,551,551,19.9
1710312112,13.03.2024,6:41:52,19.8,19.7,0,810,760,18.2,0,551,551,19.9
1710313015,13.03.2024,6:56:55,19.8,19.8,0,842,792,18.4,0,540,551,19.9
1710313918,13.03.2024,7:11:58,19.8,19.8,0,842,792,18.2,0,540,551,19.9
1710314821,13.03.2024,7:27:01,19.8,19.8,0,810,824,18.3,0,551,540,20
1710315724,13.03.2024,7:42:04,19.8,19.5,0,774,842,18.9,0,551,551,19.9
1710316627,13.03.2024,7:57:07,19.8,20.2,0,792,857,19.8,0,551,551,20
1710317530,13.03.2024,8:12:10,19.8,20.2,0,792,760,20,0,551,540,20.1
1710318434,13.03.2024,8:27:14,19.8,20.4,0,760,824,19.9,0,540,540,20
1710319337,13.03.2024,8:42:17,19.9,20.4,0,774,760,19.9,0,551,551,20
1710320240,13.03.2024,8:57:20,19.9,20.5,0,792,893,20.7,0,540,540,20
1710321143,13.03.2024,9:12:23,19.9,20.5,0,760,792,20.4,0,551,540,20.1
1710322046,13.03.2024,9:27:26,20,20.4,0,774,824,20.3,0,551,551,20.2
1710322949,13.03.2024,9:42:29,19.9,20.2,0,774,842,20.3,0,540,540,20.1
1710323852,13.03.2024,9:57:32,19.9,20.2,0,760,824,20.2,0,540,540,20
1710324755,13.03.2024,10:12:35,19.9,20.2,0,760,760,20.2,0,551,540,20
1710325659,13.03.2024,10:27:39,19.9,20.2,0,774,774,20.3,0,551,540,20.1
1710326562,13.03.2024,10:42:42,19.9,20.2,0,742,742,20.2,0,540,540,20.2
1710327465,13.03.2024,10:57:45,20,20.2,0,774,810,20.4,0,551,540,20.2
1710328368,13.03.2024,11:12:48,19.9,20.2,0,774,792,20.4,0,540,540,20.1
1710329271,13.03.2024,11:27:51,20,20.4,0,810,810,20.4,0,540,540,20.1
1710330174,13.03.2024,11:42:54,20,20.7,0,774,792,20.5,0,540,551,20.2
1710331078,13.03.2024,11:57:58,20,20.7,0,810,792,20.6,0,551,540,20.2
1710331981,13.03.2024,12:13:01,20.1,20.7,0,792,824,20.6,0,551,551,20.2
1710332884,13.03.2024,12:28:04,20.1,20.6,0,792,824,20.7,0,540,540,20.2
1710333787,13.03.2024,12:43:07,20,20.5,0,824,842,20.7,0,551,551,20.2
1710334690,13.03.2024,12:58:10,20.1,21,0,774,810,20.7,0,551,551,20.2
1710335593,13.03.2024,13:13:13,20.1,20.9,0,760,842,20.7,0,551,551,20.3
1710336496,13.03.2024,13:28:16,20.1,21,0,824,810,20.6,0,551,518,20.3
1710337400,13.03.2024,13:43:20,20.1,20.4,0,824,709,20.6,0,540,562,20.2
1710338303,13.03.2024,13:58:23,20.1,20.1,0,760,824,20.4,0,551,551,20.3
1710339206,13.03.2024,14:13:26,20,20.2,0,774,842,20.6,0,551,540,20.2
1710340109,13.03.2024,14:28:29,20.1,20.2,0,760,774,19.8,0,540,540,20.3
1710341012,13.03.2024,14:43:32,20.1,20.2,0,760,810,20,0,551,540,20.3
1710341915,13.03.2024,14:58:35,20.2,20.2,0,760,792,20.6,0,551,562,20.3
1710342819,13.03.2024,15:13:39,20.2,20.2,0,792,857,20.5,0,551,551,20.4
1710343722,13.03.2024,15:28:42,20.2,20.2,0,792,774,20.7,0,540,551,20.3
1710344625,13.03.2024,15:43:45,20.2,20.2,0,774,792,20.6,0,540,551,20.3
1710345528,13.03.2024,15:58:48,20.2,20.2,0,774,810,20.5,0,540,551,20.3
1710346429,13.03.2024,16:13:49,20.1,20.2,0,810,760,20.5,0,540,540,20.3
1710347332,13.03.2024,16:28:52,20.2,20.2,0,774,824,20.5,0,551,540,20.3
1710348235,13.03.2024,16:43:55,20.2,20.2,0,760,774,20.4,0,540,540,20.4
1710349138,13.03.2024,16:58:58,20.2,20.2,0,774,824,20.4,0,551,551,20.4
1710350042,13.03.2024,17:14:02,20.2,20.2,0,774,742,20.5,0,540,540,20.4
1710350945,13.03.2024,17:29:05,20.2,20.1,0,792,760,20.4,0,551,551,20.4
1710351848,13.03.2024,17:44:08,20.1,20.1,0,774,810,20.4,0,551,540,20.3
1710352751,13.03.2024,17:59:11,20.1,20.1,0,760,792,20.5,0,551,551,20.3
1710353654,13.03.2024,18:14:14,20.1,20.1,0,774,810,20.4,0,551,551,20.3
1710354558,13.03.2024,18:29:18,20.1,20,0,760,792,20.4,0,540,540,20.3
1710355461,13.03.2024,18:44:21,20.1,20.1,0,810,810,20.4,0,551,540,20.3
1710356364,13.03.2024,18:59:24,20.1,19.8,0,792,760,20.2,0,551,540,20.3
1710357267,13.03.2024,19:14:27,20.1,19.8,0,792,709,20.2,0,551,540,20.2
1710358170,13.03.2024,19:29:30,20.1,19.7,0,810,742,20.2,0,551,540,20.2
1710359073,13.03.2024,19:44:33,20,19.7,0,810,727,20.1,0,551,540,20.2
1710359977,13.03.2024,19:59:37,20,19.5,0,810,727,20.1,0,551,540,20.2
1710360880,13.03.2024,20:14:40,19.9,20.2,0,857,709,18.8,0,551,562,20.2
1710361783,13.03.2024,20:29:43,20,19.6,0,842,792,18.7,0,551,529,20.1
1710362686,13.03.2024,20:44:46,20,19.4,0,857,742,18.7,0,551,529,20.1
1710363589,13.03.2024,20:59:49,19.9,19.3,0,842,727,18.6,0,551,529,20.1
1710364492,13.03.2024,21:14:52,19.9,19.1,0,857,727,18.7,0,551,518,20.1
1710365395,13.03.2024,21:29:55,19.9,19.2,0,842,727,18.5,0,551,540,20.1
1710366298,13.03.2024,21:44:58,19.9,19.2,0,857,695,18.7,0,551,540,20.1
1710367201,13.03.2024,22:00:01,19.9,19.2,0,842,792,18.6,0,551,540,20.1
1710368104,13.03.2024,22:15:04,19.8,19.2,0,857,695,18.7,0,551,540,20.1
1710369008,13.03.2024,22:30:08,19.9,19.1,0,842,810,18.7,0,551,562,20.1
1710369911,13.03.2024,22:45:11,19.9,19.1,0,857,742,18.6,0,540,540,20.1
1710370814,13.03.2024,23:00:14,19.9,19,0,857,792,18.6,0,551,540,20.1
1710371717,13.03.2024,23:15:17,19.8,19,0,857,659,18.6,0,540,540,20
1710372620,13.03.2024,23:30:20,19.8,19.1,0,857,677,18.6,0,551,551,20.1
1710373523,13.03.2024,23:45:23,19.8,19,0,857,760,18.6,0,551,551,20
1710374427,14.03.2024,0:00:27,19.8,19,0,842,727,18.4,0,540,540,20
1710375330,14.03.2024,0:15:30,19.9,19,0,857,774,18.5,0,551,540,20
1710376233,14.03.2024,0:30:33,19.8,18.9,0,842,695,18.5,0,551,529,20
1710377136,14.03.2024,0:45:36,19.8,18.9,0,857,810,18.3,0,551,540,20
1710378039,14.03.2024,1:00:39,19.8,18.9,0,857,727,18.4,0,551,540,20
1710378942,14.03.2024,1:15:42,19.7,18.9,0,857,709,18.4,0,551,540,20
1710379846,14.03.2024,1:30:46,19.7,18.9,0,875,709,18.4,0,551,540,20
1710380749,14.03.2024,1:45:49,19.7,18.9,0,875,760,18.5,0,540,562,20
1710381652,14.03.2024,2:00:52,19.8,18.9,0,842,742,18.4,0,551,540,20
1710382555,14.03.2024,2:15:55,19.8,18.8,0,875,760,18.3,0,551,540,19.9
1710383458,14.03.2024,2:30:58,19.7,18.8,0,893,857,18.3,0,540,540,19.9
1710384361,14.03.2024,2:46:01,19.7,18.8,0,857,742,18.4,0,551,551,19.9
1710385265,14.03.2024,3:01:05,19.7,18.8,0,842,824,18.4,0,551,540,19.9
1710386168,14.03.2024,3:16:08,19.7,18.9,0,842,810,18.4,0,551,540,19.9
1710387071,14.03.2024,3:31:11,19.7,18.9,0,857,695,18.4,0,551,551,19.9
1710387974,14.03.2024,3:46:14,19.7,19,0,857,792,18.5,0,551,540,19.9
1710388878,14.03.2024,4:01:18,19.7,19,0,857,760,18.5,0,551,540,19.9
1710389781,14.03.2024,4:16:21,19.7,19.2,0,842,774,18.5,0,551,540,19.9
1710390684,14.03.2024,4:31:24,19.7,19.2,0,857,760,18.5,0,551,540,19.9
1710391587,14.03.2024,4:46:27,19.7,19.2,0,875,792,18.5,0,551,540,19.9
1710392490,14.03.2024,5:01:30,19.7,19.2,0,857,760,18.6,0,551,540,19.9
1710393393,14.03.2024,5:16:33,19.7,19.2,0,857,824,18.5,0,551,551,19.9
1710394297,14.03.2024,5:31:37,19.6,19.2,0,857,742,18.5,0,551,540,19.8
1710395200,14.03.2024,5:46:40,19.6,19.3,0,857,774,18.5,0,551,540,19.9
1710396103,14.03.2024,6:01:43,19.6,19.3,0,857,792,18.4,0,551,540,19.8
1710397006,14.03.2024,6:16:46,19.6,19.3,0,842,742,18.4,0,551,551,19.8
1710397909,14.03.2024,6:31:49,19.6,19.3,0,875,824,18.5,0,551,540,19.8
1710398812,14.03.2024,6:46:52,19.6,19.3,0,857,774,18.6,0,551,540,19.8
1710399716,14.03.2024,7:01:56,19.5,19.3,0,842,727,18.5,0,551,551,19.8
1710400619,14.03.2024,7:16:59,19.6,19.3,0,893,742,18.6,0,551,551,19.8
1710401522,14.03.2024,7:32:02,19.6,19.3,0,857,792,18.5,0,551,540,19.8
1710402425,14.03.2024,7:47:05,19.7,19,0,774,742,19.2,0,551,540,19.9
1710403328,14.03.2024,8:02:08,19.7,19.5,0,774,824,19.6,0,551,540,20
1710404231,14.03.2024,8:17:11,19.7,20.6,0,824,810,19.7,0,551,540,20
1710405134,14.03.2024,8:32:14,19.7,20.9,0,824,842,19.7,0,551,551,19.9
1710406038,14.03.2024,8:47:18,19.8,21.1,0,824,842,19.8,0,551,540,20
1710406941,14.03.2024,9:02:21,19.9,21.2,0,810,824,19.8,0,551,540,20.1
1710407844,14.03.2024,9:17:24,20,21.3,0,810,810,19.9,0,551,540,20.2
1710408747,14.03.2024,9:32:27,20.1,21.3,0,792,742,20,0,551,540,20.3
1710409650,14.03.2024,9:47:30,20.3,21.2,0,792,842,20.2,0,551,540,20.4
1710410553,14.03.2024,10:02:33,20.5,20.9,0,792,792,20.1,0,551,540,20.6
1710411457,14.03.2024,10:17:37,20.6,20.8,0,792,792,20.3,0,551,540,20.6
1710412360,14.03.2024,10:32:40,20.7,20.7,0,792,774,20.6,0,551,540,20.7
1710413263,14.03.2024,10:47:43,20.7,20.7,0,792,774,20.6,0,551,551,20.8
1710414166,14.03.2024,11:02:46,20.9,20.7,0,810,940,20.7,0,551,540,20.8
1710415069,14.03.2024,11:17:49,20.9,20.6,0,792,760,20.8,0,562,540,20.8
1710415972,14.03.2024,11:32:52,20.9,20.7,0,792,824,20.9,0,562,540,20.8
1710416876,14.03.2024,11:47:56,21,20.6,0,810,644,21,0,551,540,20.8
1710417779,14.03.2024,12:02:59,21,20.5,0,792,792,21.1,0,562,540,20.9
1710418682,14.03.2024,12:18:02,21,20.6,0,792,774,21.2,0,551,562,20.9
1710419585,14.03.2024,12:33:05,21,20.6,0,810,810,21.4,0,540,551,20.9
1710420488,14.03.2024,12:48:08,21.1,20.6,0,810,810,21.6,0,540,551,21
1710421391,14.03.2024,13:03:11,21,20.5,0,810,824,21.6,0,540,551,21
1710422294,14.03.2024,13:18:14,21.1,20.6,0,792,824,21.6,0,540,551,21
1710423198,14.03.2024,13:33:18,21,20.6,0,792,810,21.8,0,540,551,21
1710424101,14.03.2024,13:48:21,21,20.6,0,810,760,21.9,0,540,562,21
1710425004,14.03.2024,14:03:24,21,20.6,0,760,760,21.9,0,540,562,21
1710425907,14.03.2024,14:18:27,20.9,20.6,0,792,810,22.2,0,540,551,21
1710426810,14.03.2024,14:33:30,21,20.6,0,792,727,22.3,0,540,562,20.9
1710427713,14.03.2024,14:48:33,21,20.6,0,792,792,22.2,0,540,562,20.9
1710428616,14.03.2024,15:03:36,21,20.6,0,810,842,22.3,0,540,562,20.9
1710429520,14.03.2024,15:18:40,20.9,20.6,0,810,875,22.2,0,529,562,20.9
1710430423,14.03.2024,15:33:43,21,20.7,0,842,760,22.4,0,551,562,20.9
1710431326,14.03.2024,15:48:46,21,20.7,0,824,875,22.4,0,540,551,20.9
1710432229,14.03.2024,16:03:49,21,20.8,0,842,940,22.3,0,540,551,20.9
1710433132,14.03.2024,16:18:52,20.9,20.6,0,792,857,22.3,0,551,551,20.9
1710434035,14.03.2024,16:33:55,20.9,20.6,0,774,842,22.2,0,562,551,20.9
1710434938,14.03.2024,16:48:58,20.9,20.6,0,774,709,22.2,0,551,562,20.9
1710435842,14.03.2024,17:04:02,20.8,20.6,0,774,774,22.2,0,551,551,20.8
1710436745,14.03.2024,17:19:05,20.9,20.6,0,774,842,22.2,0,562,551,20.8
1710437648,14.03.2024,17:34:08,20.8,20.6,0,792,774,22,0,551,551,20.8
1710438551,14.03.2024,17:49:11,20.8,20.8,0,760,742,20.5,0,551,551,20.8
1710439454,14.03.2024,18:04:14,20.8,20.7,0,774,792,20.4,0,551,551,20.7
1710440357,14.03.2024,18:19:17,20.7,20.6,0,760,677,20.8,0,551,551,20.8
1710441260,14.03.2024,18:34:20,20.7,20.2,0,842,842,20.8,0,540,540,20.7
1710442163,14.03.2024,18:49:23,20.7,19.9,0,842,774,21,0,551,540,20.7
1710443066,14.03.2024,19:04:26,20.6,19.4,0,857,695,20.7,0,551,540,20.7
1710443970,14.03.2024,19:19:30,20.6,19.4,0,810,842,20.9,0,551,540,20.7
1710444873,14.03.2024,19:34:33,20.6,19.8,0,875,774,19.8,0,540,540,20.7
1710445776,14.03.2024,19:49:36,20.6,19.5,0,875,824,19.6,0,540,551,20.6
1710446679,14.03.2024,20:04:39,20.5,19.5,0,857,742,19.5,0,551,562,20.6
1710447582,14.03.2024,20:19:42,20.5,19.3,0,857,792,20.2,0,551,551,20.6
1710448485,14.03.2024,20:34:45,20.5,19.3,0,857,810,20,0,551,551,20.6
1710449389,14.03.2024,20:49:49,20.5,19.2,0,857,810,20,0,551,540,20.6
1710450292,14.03.2024,21:04:52,20.4,19.2,0,875,810,20,0,551,540,20.6
1710451195,14.03.2024,21:19:55,20.5,19.1,0,857,774,19.9,0,551,551,20.5
1710452098,14.03.2024,21:34:58,20.4,19.2,0,875,709,19.9,0,540,540,20.6
1710453001,14.03.2024,21:50:01,20.4,19.2,0,857,774,19.7,0,551,540,20.5
1710453904,14.03.2024,22:05:04,20.3,19.2,0,875,727,19.7,0,551,540,20.5
1710454807,14.03.2024,22:20:07,20.4,19.2,0,842,792,19.6,0,551,540,20.5
1710455710,14.03.2024,22:35:10,20.4,19.2,0,824,810,19.6,0,551,540,20.5
1710456614,14.03.2024,22:50:14,20.3,19.2,0,842,709,19.6,0,551,540,20.5
1710457517,14.03.2024,23:05:17,20.3,19.2,0,842,659,19.7,0,551,540,20.5
1710458420,14.03.2024,23:20:20,20.3,19.2,0,842,742,19.5,0,551,562,20.5
1710459323,14.03.2024,23:35:23,20.3,19.2,0,842,695,19.7,0,551,551,20.5
1710460226,14.03.2024,23:50:26,20.3,19.2,0,857,742,19.6,0,551,551,20.5
1710461129,15.03.2024,0:05:29,20.3,19.2,0,842,875,19.7,0,551,551,20.5
1710462033,15.03.2024,0:20:33,20.3,19.1,0,842,742,19.6,0,551,540,20.5
1710462936,15.03.2024,0:35:36,20.2,19.1,0,842,774,19.6,0,551,540,20.5
1710463839,15.03.2024,0:50:39,20.2,19.1,0,857,760,19.6,0,551,540,20.5
1710464742,15.03.2024,1:05:42,20.2,19.1,0,875,774,19.6,0,551,540,20.4
1710465645,15.03.2024,1:20:45,20.3,19.1,0,857,709,19.6,0,551,540,20.4
1710466548,15.03.2024,1:35:48,20.2,19.1,0,875,760,19.6,0,551,551,20.4
1710467452,15.03.2024,1:50:52,20.2,18.9,0,857,857,19.6,0,551,540,20.4
1710468355,15.03.2024,2:05:55,20.2,19,0,857,792,19.6,0,551,540,20.4
1710469258,15.03.2024,2:20:58,20.2,19,0,842,774,19.3,0,551,540,20.4
1710470161,15.03.2024,2:36:01,20.2,19,0,842,810,19.3,0,540,572,20.4
1710471064,15.03.2024,2:51:04,20.2,18.9,0,842,792,19.4,0,551,540,20.4
1710471967,15.03.2024,3:06:07,20.1,19,0,824,792,19.6,0,551,540,20.4
1710472870,15.03.2024,3:21:10,20.2,19.2,0,810,774,19.8,0,562,540,20.3
1710473774,15.03.2024,3:36:14,20.1,19.2,0,824,824,19.7,0,551,540,20.4
1710474677,15.03.2024,3:51:17,20.1,19.3,0,824,842,20,0,551,540,20.3
1710475580,15.03.2024,4:06:20,20.1,19.5,0,824,792,20.1,0,551,540,20.4
1710476483,15.03.2024,4:21:23,20.2,19.6,0,824,810,20,0,540,540,20.4
1710477386,15.03.2024,4:36:26,20.2,19.7,0,824,875,20.1,0,540,540,20.4
1710478289,15.03.2024,4:51:29,20.2,19.7,0,842,810,20.2,0,551,540,20.4
1710479193,15.03.2024,5:06:33,20.2,19.7,0,842,727,19.9,0,551,540,20.4
1710480096,15.03.2024,5:21:36,20.1,19.9,0,824,792,20,0,551,540,20.3
1710480999,15.03.2024,5:36:39,20.2,19.9,0,842,774,20.8,0,551,540,20.4
1710481902,15.03.2024,5:51:42,20.2,20,0,842,792,20.8,0,540,540,20.4
1710482805,15.03.2024,6:06:45,20.2,19.8,0,742,857,20.3,0,551,540,20.4
1710483708,15.03.2024,6:21:48,20.3,20.6,0,727,857,20.2,0,540,540,20.4
1710484612,15.03.2024,6:36:52,20.2,21,0,842,824,20.2,0,540,540,20.4
1710485515,15.03.2024,6:51:55,20.2,20.3,0,842,695,20.3,0,551,540,20.4
1710486418,15.03.2024,7:06:58,20.3,20.2,0,810,824,19.9,0,551,540,20.4
1710487321,15.03.2024,7:22:01,20.3,20.2,0,842,810,20,0,551,540,20.4
1710488224,15.03.2024,7:37:04,20.3,20,0,810,792,19.8,0,551,540,20.4
1710489127,15.03.2024,7:52:07,20.2,19.9,0,824,810,19.9,0,551,540,20.4
1710490031,15.03.2024,8:07:11,20.2,19.8,0,760,792,21,0,551,540,20.4
1710490934,15.03.2024,8:22:14,20.2,20.2,0,774,907,21.4,0,551,540,20.4
1710491837,15.03.2024,8:37:17,20.3,20.3,0,792,810,21.4,0,540,540,20.5
1710492740,15.03.2024,8:52:20,20.3,20.3,0,792,760,21.2,0,551,540,20.5
1710493643,15.03.2024,9:07:23,20.3,20.3,0,792,727,20.8,0,551,540,20.5
1710494546,15.03.2024,9:22:26,20.3,20.2,0,760,792,20.8,0,540,529,20.5
1710495449,15.03.2024,9:37:29,20.3,20.2,0,774,792,20.8,0,540,540,20.5
1710496353,15.03.2024,9:52:33,20.3,20.3,0,774,842,20.6,0,540,540,20.5
1710497256,15.03.2024,10:07:36,20.4,20.8,0,810,842,20.2,0,551,540,20.5
1710498159,15.03.2024,10:22:39,20.4,21.2,0,810,893,20.5,0,551,540,20.5
1710499062,15.03.2024,10:37:42,20.4,21.6,0,810,842,20.2,0,540,540,20.5
1710499965,15.03.2024,10:52:45,20.4,21.7,0,774,842,20.1,0,540,540,20.5
1710500868,15.03.2024,11:07:48,20.4,21.9,0,810,824,20.3,0,540,540,20.6
1710501771,15.03.2024,11:22:51,20.4,22,0,792,907,20.6,0,540,540,20.6
1710502675,15.03.2024,11:37:55,20.4,21.4,0,792,857,20.3,0,540,540,20.6
1710503578,15.03.2024,11:52:58,20.5,21.2,0,774,842,20.4,0,540,540,20.6
1710504481,15.03.2024,12:08:01,20.5,21,0,774,810,20.4,0,540,540,20.6
1710505385,15.03.2024,12:23:05,20.5,20.8,0,792,842,20.7,0,540,540,20.7
1710506288,15.03.2024,12:38:08,20.5,21.1,0,792,857,20.5,0,540,540,20.7
1710507191,15.03.2024,12:53:11,20.5,21.8,0,774,875,21.6,0,551,540,20.6
1710508094,15.03.2024,13:08:14,20.6,22,0,792,824,20.9,0,540,540,20.6
1710508997,15.03.2024,13:23:17,20.5,22.3,0,810,857,20.7,0,551,529,20.6
1710509901,15.03.2024,13:38:21,20.6,22.2,0,792,857,20.9,0,551,540,20.7
1710510804,15.03.2024,13:53:24,20.6,22.3,0,774,875,20.8,0,551,529,20.7
1710511707,15.03.2024,14:08:27,20.6,22.5,0,792,857,21.3,0,551,529,20.7
1710512610,15.03.2024,14:23:30,20.6,22.6,0,824,940,20.7,0,540,540,20.8
1710513514,15.03.2024,14:38:34,20.6,22.7,0,810,958,20.7,0,551,551,20.7
1710514417,15.03.2024,14:53:37,20.7,22.2,0,774,857,20.9,0,540,551,20.7
1710515320,15.03.2024,15:08:40,20.7,21.6,0,792,875,21.3,0,551,551,20.8
1710516223,15.03.2024,15:23:43,20.6,21.8,0,792,792,21.4,0,540,540,20.7
1710517127,15.03.2024,15:38:47,20.6,21.9,0,792,842,21.2,0,551,551,20.7
1710518030,15.03.2024,15:53:50,20.5,22.1,0,810,857,21.2,0,551,551,20.7
1710518933,15.03.2024,16:08:53,20.5,22.2,0,792,875,21.2,0,540,551,20.7
1710519836,15.03.2024,16:23:56,20.6,21.8,0,792,857,21.2,0,551,540,20.7
1710520739,15.03.2024,16:38:59,20.6,21.4,0,810,842,20.8,0,540,551,20.7
1710521642,15.03.2024,16:54:02,20.5,21,0,792,810,20.8,0,540,540,20.7
1710522546,15.03.2024,17:09:06,20.5,20.8,0,774,875,20.7,0,551,551,20.6
1710523449,15.03.2024,17:24:09,20.5,20.7,0,760,857,20.9,0,540,540,20.6
1710524352,15.03.2024,17:39:12,20.5,20.7,0,774,742,20.9,0,551,551,20.6
1710525255,15.03.2024,17:54:15,20.5,20.6,0,774,893,21,0,551,551,20.7
1710526158,15.03.2024,18:09:18,20.5,20.6,0,774,774,20.9,0,540,540,20.7
1710527061,15.03.2024,18:24:21,20.5,20.5,0,760,824,21,0,540,540,20.6
1710527964,15.03.2024,18:39:24,20.5,20.4,0,810,893,20.8,0,540,540,20.6
1710528868,15.03.2024,18:54:28,20.4,20.3,0,810,792,20.6,0,551,540,20.6
1710529771,15.03.2024,19:09:31,20.4,20.2,0,792,824,20.4,0,540,540,20.6
1710530674,15.03.2024,19:24:34,20.5,20.2,0,774,727,20.4,0,540,540,20.6
1710531577,15.03.2024,19:39:37,20.4,20,0,760,810,20.4,0,551,518,20.6
1710532480,15.03.2024,19:54:40,20.4,20,0,792,659,20.2,0,551,540,20.6
1710533383,15.03.2024,20:09:43,20.4,20.7,0,824,760,19.9,0,551,540,20.5
1710534286,15.03.2024,20:24:46,20.4,20.5,0,810,709,19.6,0,540,540,20.5
1710535190,15.03.2024,20:39:50,20.4,20.4,0,810,842,19.6,0,540,540,20.5
1710536093,15.03.2024,20:54:53,20.4,20.3,0,792,792,19.9,0,551,540,20.5
1710536996,15.03.2024,21:09:56,20.4,20.2,0,810,760,19.5,0,551,540,20.5
1710537899,15.03.2024,21:24:59,20.3,20.2,0,810,760,19.6,0,551,540,20.5
1710538802,15.03.2024,21:40:02,20.3,20.2,0,810,727,19.7,0,551,540,20.5
1710539705,15.03.2024,21:55:05,20.3,20.2,0,792,774,19.7,0,551,551,20.5
1710540608,15.03.2024,22:10:08,20.3,20.2,0,824,742,19,0,551,551,20.5
1710541512,15.03.2024,22:25:12,20.3,20.2,0,810,709,19.6,0,551,540,20.5
1710542415,15.03.2024,22:40:15,20.3,20.2,0,824,824,19.4,0,551,540,20.5
1710543318,15.03.2024,22:55:18,20.3,20.2,0,810,774,19.5,0,540,540,20.4
1710544221,15.03.2024,23:10:21,20.3,20.1,0,824,792,19.6,0,540,551,20.4
1710545124,15.03.2024,23:25:24,20.2,20.2,0,810,760,19.2,0,551,540,20.4
1710546027,15.03.2024,23:40:27,20.3,20.1,0,810,695,19.3,0,551,540,20.4
1710546930,15.03.2024,23:55:30,20.3,20.1,0,824,792,19.5,0,551,540,20.4
1710547833,16.03.2024,0:10:33,20.2,20,0,810,810,19.5,0,551,540,20.4
1710548737,16.03.2024,0:25:37,20.2,20.1,0,810,709,19.6,0,551,540,20.4
1710549640,16.03.2024,0:40:40,20.3,20,0,810,774,19.8,0,551,540,20.4
1710550543,16.03.2024,0:55:43,20.2,20,0,810,695,19.5,0,551,540,20.4
1710551446,16.03.2024,1:10:46,20.2,20.1,0,824,774,19.4,0,551,540,20.4
1710552349,16.03.2024,1:25:49,20.2,20,0,792,774,19.3,0,551,551,20.4
1710553252,16.03.2024,1:40:52,20.2,19.9,0,810,842,19.5,0,540,540,20.4
1710554153,16.03.2024,1:55:53,20.2,19.9,0,810,760,19.2,0,551,540,20.4
1710555056,16.03.2024,2:10:56,20.1,20,0,824,760,19.2,0,551,529,20.3
1710555960,16.03.2024,2:26:00,20.2,20,0,810,760,19.7,0,551,562,20.4
1710556863,16.03.2024,2:41:03,20.2,19.9,0,842,760,19.3,0,551,540,20.4
1710557766,16.03.2024,2:56:06,20.2,20,0,810,774,19.4,0,540,540,20.3
1710558669,16.03.2024,3:11:09,20.1,19.9,0,810,760,19.2,0,551,540,20.3
1710559572,16.03.2024,3:26:12,20.1,19.9,0,842,774,18.8,0,540,540,20.3
1710560475,16.03.2024,3:41:15,20.1,20,0,810,695,18.8,0,540,551,20.3
1710561379,16.03.2024,3:56:19,20.2,19.9,0,810,875,18.9,0,551,540,20.3
1710562282,16.03.2024,4:11:22,20.2,19.9,0,810,810,19,0,551,540,20.3
1710563185,16.03.2024,4:26:25,20.2,19.9,0,810,742,19.1,0,551,540,20.3
1710564088,16.03.2024,4:41:28,20.1,19.9,0,810,810,18.9,0,540,562,20.3
1710564991,16.03.2024,4:56:31,20.1,19.9,0,810,810,18.7,0,540,540,20.3
1710565894,16.03.2024,5:11:34,20.1,20,0,810,612,18.8,0,540,540,20.3
1710566797,16.03.2024,5:26:37,20.1,19.9,0,810,677,18.7,0,540,529,20.3
1710567701,16.03.2024,5:41:41,20.1,19.9,0,810,709,18.8,0,540,551,20.3
1710568604,16.03.2024,5:56:44,20.1,19.8,0,792,792,18.5,0,551,540,20.3
1710569507,16.03.2024,6:11:47,20.1,19.8,0,824,810,18.7,0,551,540,20.2
1710570410,16.03.2024,6:26:50,20.1,19.8,0,810,774,18.7,0,551,540,20.3
1710571313,16.03.2024,6:41:53,20,19.8,0,824,709,18.8,0,540,529,20.2
1710572216,16.03.2024,6:56:56,20,19.8,0,810,742,18.8,0,540,529,20.3
1710573119,16.03.2024,7:11:59,20.1,19.8,0,842,677,18.8,0,551,540,20.2
1710574023,16.03.2024,7:27:03,20.1,19.8,0,842,760,18.7,0,540,529,20.2
1710574926,16.03.2024,7:42:06,20,19.8,0,810,774,18.6,0,540,540,20.2
1710575829,16.03.2024,7:57:09,20.1,19.9,0,792,742,18.9,0,540,551,20.2
1710576732,16.03.2024,8:12:12,20,19.8,0,824,727,18.8,0,540,540,20.2
1710577635,16.03.2024,8:27:15,20.1,19.9,0,792,760,18.8,0,540,540,20.2
1710578538,16.03.2024,8:42:18,20.1,19.8,0,792,810,19,0,540,540,20.3
1710579441,16.03.2024,8:57:21,20.1,19.9,0,824,842,18.9,0,540,551,20.2
1710580345,16.03.2024,9:12:25,20.1,19.8,0,810,742,18.5,0,540,540,20.3
1710581248,16.03.2024,9:27:28,20.1,19.9,0,810,742,18.6,0,540,540,20.3
1710582151,16.03.2024,9:42:31,20.1,19.9,0,810,792,18.6,0,540,540,20.4
1710583054,16.03.2024,9:57:34,20.3,19.9,0,824,792,18.8,0,540,518,20.4
1710583957,16.03.2024,10:12:37,20.3,20,0,792,742,18.7,0,540,540,20.4
1710584860,16.03.2024,10:27:40,20.3,20,0,810,695,18.7,0,540,540,20.4
1710585764,16.03.2024,10:42:44,20.3,20.1,0,810,562,18.6,0,540,540,20.4
1710586667,16.03.2024,10:57:47,20.3,20.1,0,824,774,18.6,0,540,540,20.4
1710587570,16.03.2024,11:12:50,20.4,20.1,0,810,810,18.4,0,540,572,20.5
1710588473,16.03.2024,11:27:53,20.4,20.1,0,842,626,18.6,0,540,540,20.5
1710589376,16.03.2024,11:42:56,20.4,20.1,0,824,760,18.8,0,540,540,20.4
1710590279,16.03.2024,11:57:59,20.3,20.1,0,810,709,18.6,0,540,540,20.4
1710591182,16.03.2024,12:13:02,20.4,20.1,0,824,727,18.8,0,540,540,20.4
1710592086,16.03.2024,12:28:06,20.3,20.1,0,824,742,18.7,0,540,540,20.4
1710592989,16.03.2024,12:43:09,20.4,20.2,0,810,760,18.9,0,540,529,20.4
1710593892,16.03.2024,12:58:12,20.3,20.1,0,824,760,18.9,0,540,540,20.4
1710594795,16.03.2024,13:13:15,20.4,20.1,0,792,760,18.9,0,540,518,20.4
1710595698,16.03.2024,13:28:18,20.3,20.2,0,792,774,18.8,0,540,540,20.4
1710596601,16.03.2024,13:43:21,20.4,20.2,0,810,677,18.7,0,540,529,20.4
1710597504,16.03.2024,13:58:24,20.3,20.2,0,792,760,18.9,0,540,540,20.4
1710598408,16.03.2024,14:13:28,20.3,20.2,0,810,774,19.2,0,540,540,20.4
1710599311,16.03.2024,14:28:31,20.3,20.2,0,810,626,19.2,0,540,551,20.5
1710600214,16.03.2024,14:43:34,20.4,20.2,0,824,709,19.2,0,529,540,20.4
1710601117,16.03.2024,14:58:37,20.5,20.2,0,824,727,18.9,0,540,540,20.5
1710602020,16.03.2024,15:13:40,20.5,20.3,0,824,774,19.3,0,540,540,20.5
1710602923,16.03.2024,15:28:43,20.5,20.3,0,824,727,19.1,0,540,562,20.5
1710603826,16.03.2024,15:43:46,20.5,20.2,0,810,727,19.4,0,540,540,20.5
1710604730,16.03.2024,15:58:50,20.5,20.2,0,810,824,19.5,0,540,529,20.5
1710605633,16.03.2024,16:13:53,20.5,20.2,0,810,824,19.5,0,529,540,20.5
1710606536,16.03.2024,16:28:56,20.5,20.2,0,792,760,20,0,540,518,20.5
1710607439,16.03.2024,16:43:59,20.5,20.2,0,824,644,19.6,0,540,540,20.5
1710608342,16.03.2024,16:59:02,20.6,20.2,0,810,695,19.3,0,540,540,20.5
1710609245,16.03.2024,17:14:05,20.5,20.3,0,842,659,19.2,0,540,540,20.5
1710610148,16.03.2024,17:29:08,20.5,20.2,0,810,709,19.1,0,540,540,20.5
1710611051,16.03.2024,17:44:11,20.5,20.2,0,842,774,19.2,0,540,540,20.5
1710611955,16.03.2024,17:59:15,20.5,20.2,0,824,659,18.9,0,540,540,20.5
1710612858,16.03.2024,18:14:18,20.5,20.1,0,824,774,18.8,0,540,540,20.5
1710613761,16.03.2024,18:29:21,20.5,20.1,0,824,742,18.9,0,540,540,20.5
1710614664,16.03.2024,18:44:24,20.5,20.1,0,824,824,18.9,0,540,551,20.5
1710615567,16.03.2024,18:59:27,20.3,20.1,0,810,742,18.7,0,540,540,20.4
1710616470,16.03.2024,19:14:30,20.3,20,0,824,824,18.7,0,540,540,20.4
1710617373,16.03.2024,19:29:33,20.3,20,0,824,695,18.8,0,540,540,20.4
1710618277,16.03.2024,19:44:37,20.3,19.9,0,810,659,19,0,540,529,20.4
1710619180,16.03.2024,19:59:40,20.3,19.9,0,824,677,18.7,0,540,540,20.4
1710620083,16.03.2024,20:14:43,20.2,19.9,0,810,774,18.6,0,540,529,20.3
1710620986,16.03.2024,20:29:46,20.2,19.9,0,810,774,18.6,0,540,529,20.3
1710621889,16.03.2024,20:44:49,20.2,19.8,0,824,792,18.6,0,540,540,20.3
1710622792,16.03.2024,20:59:52,20.2,19.8,0,810,810,18.5,0,540,551,20.3
1710623695,16.03.2024,21:14:55,20.2,19.7,0,824,709,18.6,0,540,540,20.3
1710624599,16.03.2024,21:29:59,20.1,19.8,0,810,626,18.6,0,540,540,20.3
1710625502,16.03.2024,21:45:02,20.2,19.7,0,824,612,18.5,0,540,540,20.3
1710626405,16.03.2024,22:00:05,20.2,19.7,0,792,792,18.4,0,540,540,20.3
1710627308,16.03.2024,22:15:08,20.1,19.7,0,810,792,18.6,0,540,540,20.3
1710628211,16.03.2024,22:30:11,20.1,19.7,0,824,644,18.6,0,540,540,20.3
1710629114,16.03.2024,22:45:14,20.1,19.7,0,824,695,18.5,0,540,540,20.3
1710630017,16.03.2024,23:00:17,20.1,19.6,0,824,760,18.8,0,540,540,20.3
1710630920,16.03.2024,23:15:20,20.1,19.6,0,810,742,18.5,0,540,551,20.3
1710631824,16.03.2024,23:30:24,20,19.5,0,842,774,18.5,0,540,540,20.2
1710632727,16.03.2024,23:45:27,20.1,19.6,0,810,742,18.7,0,540,540,20.2
1710633630,17.03.2024,0:00:30,20,19.6,0,810,760,18.4,0,540,540,20.2
1710634533,17.03.2024,0:15:33,20,19.6,0,824,760,18.7,0,540,551,20.2
1710635436,17.03.2024,0:30:36,20,19.5,0,824,742,18.6,0,540,540,20.2
1710636339,17.03.2024,0:45:39,20.1,19.6,0,824,659,18.6,0,540,540,20.2
1710637242,17.03.2024,1:00:42,20,19.6,0,824,742,18.5,0,540,529,20.2
1710638146,17.03.2024,1:15:46,20,19.6,0,824,792,18.5,0,540,551,20.2
1710639049,17.03.2024,1:30:49,20,19.6,0,824,760,18.4,0,540,540,20.2
1710639952,17.03.2024,1:45:52,20,19.5,0,824,727,18.4,0,540,540,20.1
1710640855,17.03.2024,2:00:55,20,19.5,0,824,774,18.5,0,540,529,20.1
1710641758,17.03.2024,2:15:58,20,19.5,0,842,626,18.7,0,540,518,20.1
1710642661,17.03.2024,2:31:01,20,19.4,0,824,677,18.4,0,540,540,20.1
1710643564,17.03.2024,2:46:04,20,19.5,0,842,626,18.4,0,540,540,20.1
1710644468,17.03.2024,3:01:08,20,19.5,0,824,824,18.4,0,540,540,20.1
1710645371,17.03.2024,3:16:11,20,19.5,0,842,727,18.3,0,540,540,20.1
1710646274,17.03.2024,3:31:14,20,19.5,0,842,677,18.5,0,540,551,20.1
1710647177,17.03.2024,3:46:17,19.9,19.5,0,824,677,18.4,0,540,540,20.1
1710648080,17.03.2024,4:01:20,19.9,19.3,0,842,709,18.3,0,540,540,20.1
1710648983,17.03.2024,4:16:23,19.9,19.4,0,842,727,18.3,0,529,551,20.1
1710649886,17.03.2024,4:31:26,19.9,19.4,0,824,626,18.4,0,540,551,20.1
1710650790,17.03.2024,4:46:30,20,19.3,0,824,709,18.4,0,540,540,20.1
1710651693,17.03.2024,5:01:33,19.9,19.4,0,824,576,18.4,0,540,540,20
1710652596,17.03.2024,5:16:36,19.9,19.4,0,842,529,18.3,0,540,540,20.1
1710653499,17.03.2024,5:31:39,19.9,19.3,0,824,727,18.4,0,540,529,20
1710654402,17.03.2024,5:46:42,19.9,19.3,0,824,695,18.2,0,540,551,20.1
1710655305,17.03.2024,6:01:45,19.9,19.4,0,842,727,18.3,0,540,540,20.1
1710656208,17.03.2024,6:16:48,19.8,19.4,0,824,742,18.3,0,540,551,20
1710657111,17.03.2024,6:31:51,19.9,19.3,0,824,727,18.4,0,540,551,20
1710658015,17.03.2024,6:46:55,19.9,19.4,0,824,742,18.4,0,540,540,20
1710658918,17.03.2024,7:01:58,19.9,19.3,0,842,659,18.3,0,551,540,20
1710659821,17.03.2024,7:17:01,19.8,19.4,0,842,709,18.4,0,540,551,20
1710660724,17.03.2024,7:32:04,19.9,19.4,0,810,760,18.4,0,540,540,20
1710661627,17.03.2024,7:47:07,19.9,19.4,0,824,727,18.4,0,551,540,20
1710662531,17.03.2024,8:02:11,19.9,19.4,0,824,594,18.3,0,551,540,20
1710663434,17.03.2024,8:17:14,19.8,19.4,0,824,727,18.2,0,540,540,20
1710664337,17.03.2024,8:32:17,19.8,19.3,0,810,760,18.5,0,540,540,20
1710665240,17.03.2024,8:47:20,19.8,19.3,0,824,727,18.8,0,540,529,20
1710666143,17.03.2024,9:02:23,19.8,19.5,0,810,709,18.3,0,540,540,20
1710667046,17.03.2024,9:17:26,19.9,19.5,0,824,742,18.5,0,540,540,20
1710667949,17.03.2024,9:32:29,19.8,19.5,0,824,677,18.6,0,551,529,20
1710668852,17.03.2024,9:47:32,19.8,19.6,0,810,644,18.4,0,551,540,20
1710669755,17.03.2024,10:02:35,19.9,19.5,0,810,760,18.7,0,540,562,20.1
1710670659,17.03.2024,10:17:39,19.9,19.5,0,810,695,18.5,0,540,540,20.1
1710671562,17.03.2024,10:32:42,19.9,19.5,0,810,677,19,0,540,551,20.1
1710672465,17.03.2024,10:47:45,19.9,19.5,0,792,774,18.7,0,551,551,20.1
1710673368,17.03.2024,11:02:48,19.9,19.7,0,810,810,18.8,0,551,551,20.1
1710674271,17.03.2024,11:17:51,19.9,19.8,0,810,810,18.6,0,551,529,20.1
1710675174,17.03.2024,11:32:54,20,19.7,0,774,742,18.8,0,540,540,20.1
1710676078,17.03.2024,11:47:58,20,19.7,0,824,677,18.8,0,540,540,20.1
1710676981,17.03.2024,12:03:01,20,19.8,0,810,774,18.5,0,540,572,20.1
1710677884,17.03.2024,12:18:04,19.9,19.8,0,792,742,18.7,0,540,540,20.1
1710678787,17.03.2024,12:33:07,20,19.9,0,810,727,19,0,540,540,20.1
1710679690,17.03.2024,12:48:10,20,19.9,0,792,760,18.9,0,540,540,20.1
1710680593,17.03.2024,13:03:13,20,20,0,792,709,18.8,0,551,540,20.1
1710681496,17.03.2024,13:18:16,20,20,0,810,760,18.7,0,551,551,20.1
1710682399,17.03.2024,13:33:19,20,20,0,824,727,18.9,0,551,540,20.2
1710683303,17.03.2024,13:48:23,20.1,20,0,810,824,19,0,551,551,20.2
1710684206,17.03.2024,14:03:26,20.1,20.1,0,792,709,18.8,0,540,551,20.2
1710685109,17.03.2024,14:18:29,20.1,20,0,792,760,18.9,0,540,540,20.2
1710686012,17.03.2024,14:33:32,20,19.9,0,792,760,18.9,0,540,540,20.2
1710686915,17.03.2024,14:48:35,20,20,0,810,760,18.9,0,551,540,20.2
1710687818,17.03.2024,15:03:38,20.1,20,0,810,842,19,0,551,551,20.2
1710688722,17.03.2024,15:18:42,20.1,20,0,792,774,18.9,0,540,551,20.2
1710689625,17.03.2024,15:33:45,20.1,20.1,0,824,875,18.8,0,551,540,20.2
1710690528,17.03.2024,15:48:48,20.1,20,0,792,774,18.9,0,551,540,20.2
1710691431,17.03.2024,16:03:51,20.1,20,0,810,727,18.9,0,540,540,20.2
1710692334,17.03.2024,16:18:54,20.1,20,0,810,742,19,0,551,529,20.2
1710693237,17.03.2024,16:33:57,20.2,20,0,810,792,18.8,0,540,540,20.2
1710694140,17.03.2024,16:49:00,20.2,20.1,0,824,774,18.8,0,540,540,20.2
1710695044,17.03.2024,17:04:04,20.1,20,0,810,727,18.9,0,540,540,20.2
1710695947,17.03.2024,17:19:07,20.2,20,0,810,695,18.8,0,540,540,20.2
1710696850,17.03.2024,17:34:10,20.1,19.9,0,824,792,18.7,0,551,540,20.2
1710697753,17.03.2024,17:49:13,20.1,19.9,0,792,727,18.7,0,540,540,20.2
1710698656,17.03.2024,18:04:16,20.2,19.9,0,810,742,18.7,0,551,540,20.2
1710699559,17.03.2024,18:19:19,20.1,19.9,0,824,677,18.7,0,540,540,20.2
1710700462,17.03.2024,18:34:22,20.1,19.9,0,810,842,18.4,0,540,562,20.2
1710701366,17.03.2024,18:49:26,20.1,19.8,0,792,677,18.6,0,551,540,20.2
1710702269,17.03.2024,19:04:29,20.1,19.7,0,810,612,18.5,0,551,540,20.2
1710703172,17.03.2024,19:19:32,20.1,19.7,0,810,626,18.5,0,540,540,20.2
1710704075,17.03.2024,19:34:35,20,19.8,0,810,695,18.8,0,551,518,20.2
1710704978,17.03.2024,19:49:38,20.1,19.7,0,792,709,18.7,0,551,540,20.1
1710705881,17.03.2024,20:04:41,20.1,19.7,0,810,760,18.8,0,551,540,20.1
1710706785,17.03.2024,20:19:45,20,19.7,0,810,695,18.8,0,540,540,20.1
1710707688,17.03.2024,20:34:48,20,19.7,0,810,659,18.7,0,551,540,20.1
1710708591,17.03.2024,20:49:51,20,19.7,0,792,857,18.8,0,551,562,20.1
1710709494,17.03.2024,21:04:54,20,19.5,0,792,626,18.7,0,551,540,20.1
1710710397,17.03.2024,21:19:57,20,19.8,0,810,695,18.8,0,540,540,20.1
1710711300,17.03.2024,21:35:00,20,19.6,0,824,774,18.7,0,551,540,20.1
1710712203,17.03.2024,21:50:03,19.9,19.6,0,810,742,18.5,0,551,551,20.1
1710713106,17.03.2024,22:05:06,19.9,19.6,0,810,760,18.7,0,540,540,20.1
1710714010,17.03.2024,22:20:10,19.9,19.6,0,810,677,18.7,0,551,540,20.1
1710714913,17.03.2024,22:35:13,20,19.5,0,810,742,18.7,0,551,540,20.1
1710715816,17.03.2024,22:50:16,19.9,19.6,0,824,774,19.1,0,551,529,20.1
1710716719,17.03.2024,23:05:19,20,19.6,0,810,709,18.5,0,540,562,20.1
1710717622,17.03.2024,23:20:22,19.9,19.6,0,792,709,18.8,0,551,540,20.1
1710718525,17.03.2024,23:35:25,19.9,19.6,0,810,612,18.8,0,551,540,20.1
1710719429,17.03.2024,23:50:29,20,19.6,0,810,727,18.8,0,551,540,20.1
1710720332,18.03.2024,0:05:32,20,19.6,0,810,742,18.8,0,540,540,20.1
1710721235,18.03.2024,0:20:35,19.9,19.6,0,824,695,19.1,0,551,540,20
1710722138,18.03.2024,0:35:38,19.9,19.6,0,824,695,19.2,0,551,551,20.1
1710723041,18.03.2024,0:50:41,20,19.5,0,792,644,19.4,0,551,551,20.1
1710723944,18.03.2024,1:05:44,20,19.5,0,774,695,19.2,0,551,540,20.1
1710724847,18.03.2024,1:20:47,19.9,19.6,0,824,792,18.9,0,551,540,20
1710725750,18.03.2024,1:35:50,19.9,19.4,0,810,727,19.2,0,551,540,20.1
1710726654,18.03.2024,1:50:54,19.9,19.5,0,810,742,19.2,0,551,540,20.1
1710727557,18.03.2024,2:05:57,19.9,19.5,0,810,644,19.2,0,551,529,20.1
1710728460,18.03.2024,2:21:00,19.9,19.4,0,810,742,19,0,551,540,20
1710729363,18.03.2024,2:36:03,19.8,19.5,0,792,742,19,0,551,529,20
1710730266,18.03.2024,2:51:06,19.9,19.5,0,824,742,18.8,0,551,540,20
1710731169,18.03.2024,3:06:09,19.9,19.5,0,760,760,18.8,0,551,540,20
1710732072,18.03.2024,3:21:12,19.9,19.8,0,774,742,19.1,0,551,540,20.1
1710732976,18.03.2024,3:36:16,19.9,20,0,810,677,19.2,0,551,540,20
1710733879,18.03.2024,3:51:19,19.9,20.1,0,810,742,19,0,551,540,20
1710734782,18.03.2024,4:06:22,19.9,20.2,0,792,742,19.2,0,551,529,20
1710735685,18.03.2024,4:21:25,19.9,20.2,0,792,727,19.1,0,551,540,20
1710736588,18.03.2024,4:36:28,19.9,20.2,0,810,824,19.2,0,551,540,20
1710737491,18.03.2024,4:51:31,19.9,20.3,0,792,760,19.3,0,551,540,20.1
1710738395,18.03.2024,5:06:35,19.9,20.3,0,792,774,19.2,0,551,540,20
1710739298,18.03.2024,5:21:38,19.9,20.3,0,792,760,19.1,0,551,540,20.1
1710740201,18.03.2024,5:36:41,19.9,20.2,0,792,792,19.1,0,551,540,20.1
1710741104,18.03.2024,5:51:44,19.9,20.3,0,774,594,19.1,0,540,540,20
1710742007,18.03.2024,6:06:47,20,20.2,0,810,760,19.2,0,551,540,20
1710742911,18.03.2024,6:21:51,19.9,20.2,0,774,810,19.2,0,551,540,20.1
1710743814,18.03.2024,6:36:54,20,20.2,0,792,760,19.1,0,551,540,20.1
1710744717,18.03.2024,6:51:57,19.9,20.2,0,792,742,19.8,0,540,540,20.1
1710745620,18.03.2024,7:07:00,19.9,20.2,0,792,727,19.2,0,551,540,20
1710746523,18.03.2024,7:22:03,20,20.1,0,774,727,19.2,0,551,540,20.1
1710747427,18.03.2024,7:37:07,19.9,20.1,0,792,742,19.2,0,551,540,20.1
1710748330,18.03.2024,7:52:10,20,20.1,0,810,742,19.1,0,551,540,20.1
1710749233,18.03.2024,8:07:13,20,19.5,0,760,742,20.7,0,540,529,20.1
1710750136,18.03.2024,8:22:16,20,19.8,0,742,727,20.8,0,551,540,20.2
1710751039,18.03.2024,8:37:19,20.1,19.9,0,792,810,20.8,0,551,529,20.2
1710751942,18.03.2024,8:52:22,20,20,0,792,709,20.9,0,551,540,20.2
1710752845,18.03.2024,9:07:25,20,20.1,0,760,824,20.9,0,551,529,20.2
1710753749,18.03.2024,9:22:29,20.1,20.5,0,760,774,20.9,0,551,529,20.2
1710754652,18.03.2024,9:37:32,20.2,20.4,0,774,810,20.8,0,551,529,20.3
1710755555,18.03.2024,9:52:35,20.1,20.4,0,774,842,21,0,551,540,20.2
1710756458,18.03.2024,10:07:38,20.3,20.2,0,792,774,20.9,0,540,540,20.6
1710757361,18.03.2024,10:22:41,20.3,18.6,0,760,727,19.9,0,540,529,20.3
1710758264,18.03.2024,10:37:44,20.1,19,0,774,774,20.6,0,540,529,20.3
1710759167,18.03.2024,10:52:47,20.2,20,0,792,810,20.9,0,540,529,20.3
1710760070,18.03.2024,11:07:50,20.2,20.6,0,792,875,21,0,540,529,20.3
1710760974,18.03.2024,11:22:54,20.2,20.8,0,792,792,21.1,0,540,551,20.3
1710761877,18.03.2024,11:37:57,20.3,20.9,0,792,760,21.2,0,540,540,20.3
1710762780,18.03.2024,11:53:00,20.4,21.1,0,792,792,21.4,0,540,551,20.5
1710763683,18.03.2024,12:08:03,20.4,21,0,792,824,21.4,0,540,540,20.4
1710764586,18.03.2024,12:23:06,20.4,20.8,0,792,842,21.5,0,540,551,20.5
1710765487,18.03.2024,12:38:07,20.5,20.7,0,792,792,21.6,0,551,551,20.5
1710766390,18.03.2024,12:53:10,20.6,20.7,0,774,774,21.7,0,540,551,21.6
1710767294,18.03.2024,13:08:14,22.1,20.9,0,792,824,21.6,0,551,551,21.9
1710768197,18.03.2024,13:23:17,21.6,21.3,0,810,824,21.7,0,540,551,21.4
1710769100,18.03.2024,13:38:20,21.1,20.7,0,774,842,21.8,0,540,551,20.9
1710770003,18.03.2024,13:53:23,21,20.6,0,774,792,21.9,0,540,551,20.8
1710770906,18.03.2024,14:08:26,20.9,20.6,0,774,824,22,0,540,551,20.8
1710771809,18.03.2024,14:23:29,20.9,20.5,0,760,742,22,0,551,551,20.8
1710772712,18.03.2024,14:38:32,20.8,20.5,0,774,875,20.5,0,540,529,20.8
1710773615,18.03.2024,14:53:35,20.9,20.5,0,760,742,20.4,0,540,529,20.8
1710774518,18.03.2024,15:08:38,20.9,20.5,0,774,824,21.6,0,540,529,20.8
1710775422,18.03.2024,15:23:42,20.8,20.5,0,774,842,21.8,0,540,529,20.8
1710776325,18.03.2024,15:38:45,20.9,20.6,0,774,677,21.8,0,540,540,20.8
1710777228,18.03.2024,15:53:48,21,20.6,0,774,727,21.8,0,551,551,21
1710778131,18.03.2024,16:08:51,21,20.6,0,760,612,22,0,540,551,21
1710779034,18.03.2024,16:23:54,20.9,20.6,0,760,857,22.2,0,540,551,21
1710779937,18.03.2024,16:38:57,21,20.5,0,774,760,21.2,0,551,540,20.9
1710780841,18.03.2024,16:54:01,21,20.4,0,760,742,21.1,0,540,551,20.9
1710781744,18.03.2024,17:09:04,20.9,20.4,0,774,774,20.8,0,540,540,20.9
1710782647,18.03.2024,17:24:07,21,20.4,0,742,842,20.9,0,540,551,20.9
1710783550,18.03.2024,17:39:10,21,20.4,0,792,774,21.5,0,540,540,20.9
1710784453,18.03.2024,17:54:13,21,20.4,0,774,760,22,0,540,551,20.9
1710785356,18.03.2024,18:09:16,20.9,20.4,0,810,842,21.1,0,540,551,20.9
1710786259,18.03.2024,18:24:19,21,20.3,0,774,774,20.8,0,540,551,20.8
1710787163,18.03.2024,18:39:23,20.9,20.2,0,792,824,20.4,0,529,540,20.8
1710788066,18.03.2024,18:54:26,20.8,20.2,0,824,727,21.1,0,551,540,20.8
1710788586,18.03.2024,19:03:06,20.9,18.4,0,792,677,19.2,0,529,540,20.8
1710789489,18.03.2024,19:18:09,20.7,20.6,0,792,677,21,0,302,551,20.8
1710790392,18.03.2024,19:33:12,20.8,20.6,0,774,727,20.8,0,302,518,20.8
1710791295,18.03.2024,19:48:15,20.7,20.8,0,774,774,20.6,0,313,540,20.7
1710792198,18.03.2024,20:03:18,20.7,20.6,0,760,695,20.7,0,302,540,20.7
1710793101,18.03.2024,20:18:21,20.7,20.5,0,760,727,20.6,0,302,540,20.7
1710794004,18.03.2024,20:33:24,20.6,20.5,0,760,810,17.4,0,302,562,20.7
1710794907,18.03.2024,20:48:27,20.6,20.4,0,760,774,16.5,0,302,551,20.7
1710795810,18.03.2024,21:03:30,20.6,20.4,0,742,792,16.3,0,302,551,20.6
1710796714,18.03.2024,21:18:34,20.6,20.3,0,760,742,16.2,0,302,551,20.6
1710797617,18.03.2024,21:33:37,20.6,20.3,0,760,774,16.2,0,302,551,20.6
1710798520,18.03.2024,21:48:40,20.5,20.2,0,742,792,16.1,0,313,551,20.6
1710799423,18.03.2024,22:03:43,20.5,20.2,0,760,774,16.1,0,302,562,20.6
1710800326,18.03.2024,22:18:46,20.4,20.2,0,760,695,16,0,302,540,20.5
1710801229,18.03.2024,22:33:49,20.5,20.1,0,760,742,16,0,313,551,20.5
1710802132,18.03.2024,22:48:52,20.5,20.1,0,774,792,15.9,0,302,551,20.5
1710803035,18.03.2024,23:03:55,20.4,20.1,0,760,760,15.9,0,302,551,20.5
1710803938,18.03.2024,23:18:58,20.4,20,0,774,810,15.9,0,302,529,20.5
1710804841,18.03.2024,23:34:01,20.4,20,0,774,893,15.9,0,313,540,20.5
1710805744,18.03.2024,23:49:04,20.3,20,0,792,810,15.8,0,302,551,20.5
1710806648,19.03.2024,0:04:08,20.4,20,0,792,760,15.7,0,302,540,20.5
1710807551,19.03.2024,0:19:11,20.4,20,0,760,742,15.7,0,313,540,20.5
1710808454,19.03.2024,0:34:14,20.4,19.9,0,760,792,15.8,0,302,551,20.5
1710809357,19.03.2024,0:49:17,20.4,20,0,774,644,15.7,0,302,551,20.5
1710810260,19.03.2024,1:04:20,20.3,20,0,774,842,15.7,0,302,551,20.5
1710811163,19.03.2024,1:19:23,20.3,19.9,0,774,760,15.7,0,292,540,20.5
1710812066,19.03.2024,1:34:26,20.3,19.9,0,774,792,15.6,0,302,540,20.5
1710812969,19.03.2024,1:49:29,20.3,19.8,0,774,792,15.6,0,302,551,20.5
1710813873,19.03.2024,2:04:33,20.3,19.9,0,774,760,15.6,0,302,551,20.4
1710814776,19.03.2024,2:19:36,20.3,19.9,0,760,774,15.6,0,302,551,20.4
1710815679,19.03.2024,2:34:39,20.2,19.8,0,792,824,15.6,0,313,551,20.4
1710816582,19.03.2024,2:49:42,20.3,19.8,0,774,742,15.5,0,302,540,20.4
1710817485,19.03.2024,3:04:45,20.2,19.8,0,709,824,15.5,0,302,529,20.4
1710818388,19.03.2024,3:19:48,20.2,19.8,0,958,842,15.6,0,353,540,20.4
1710819291,19.03.2024,3:34:51,20.3,19.8,0,842,857,19.4,0,540,540,20.4
1710820194,19.03.2024,3:49:54,20.2,19.9,0,857,893,20.1,0,540,540,20.3
1710821098,19.03.2024,4:04:58,20.1,20,0,857,925,20.3,0,551,540,20.3
1710822001,19.03.2024,4:20:01,20.1,20.1,0,875,824,20.4,0,540,540,20.3
1710822904,19.03.2024,4:35:04,20.1,20.1,0,857,810,20.5,0,551,540,20.3
1710823807,19.03.2024,4:50:07,20.2,20.3,0,857,842,20.6,0,540,540,20.3
1710824710,19.03.2024,5:05:10,20.1,20.3,0,842,925,20.6,0,540,540,20.3
1710825613,19.03.2024,5:20:13,20.1,20.3,0,857,810,20.4,0,540,540,20.3
1710826517,19.03.2024,5:35:17,20.2,20.4,0,842,842,20.6,0,540,540,20.3
1710827420,19.03.2024,5:50:20,20.2,20.3,0,857,857,20.6,0,551,551,20.3
1710828323,19.03.2024,6:05:23,20.1,20.3,0,842,842,20.6,0,540,540,20.3
1710829226,19.03.2024,6:20:26,20.2,20.2,0,875,875,20.6,0,540,540,20.3
1710830129,19.03.2024,6:35:29,20.1,20.2,0,875,824,20.6,0,540,540,20.3
1710831033,19.03.2024,6:50:33,20.2,20.2,0,875,875,19,0,540,540,20.3
1710831936,19.03.2024,7:05:36,20.1,20.1,0,857,875,19.1,0,540,540,20.3
1710832839,19.03.2024,7:20:39,20.1,20.1,0,875,824,19.2,0,540,540,20.3
1710833742,19.03.2024,7:35:42,20.2,19.9,0,824,709,18.6,0,540,551,20.3
1710834645,19.03.2024,7:50:45,20.2,19.6,0,824,727,18.1,0,551,540,20.4
1710835548,19.03.2024,8:05:48,20.2,19.8,0,792,792,18.2,0,540,540,20.4
1710836451,19.03.2024,8:20:51,20.2,20.1,0,792,774,18.1,0,540,551,20.4
1710837355,19.03.2024,8:35:55,20.4,20.3,0,792,727,18.2,0,551,540,20.6
1710838258,19.03.2024,8:50:58,20.5,20.5,0,792,742,18.3,0,551,540,20.7
1710839161,19.03.2024,9:06:01,20.6,20.5,0,792,893,18.4,0,551,540,20.7
1710840064,19.03.2024,9:21:04,20.7,20.5,0,760,824,18.8,0,540,540,20.8
1710840967,19.03.2024,9:36:07,20.9,20.5,0,792,842,18.7,0,540,551,20.9
1710841870,19.03.2024,9:51:10,20.9,20.5,0,792,810,19,0,529,529,21
1710842773,19.03.2024,10:06:13,21.1,20.5,0,792,810,19,0,540,540,21.1
1710843676,19.03.2024,10:21:16,21.1,20.5,0,810,659,18.9,0,540,529,21.2
1710844579,19.03.2024,10:36:19,21.2,20.5,0,792,742,19,0,540,529,21.1
1710845483,19.03.2024,10:51:23,21.3,20.5,0,792,857,19,0,540,529,21.3
1710846386,19.03.2024,11:06:26,21.4,20.5,0,792,760,19.2,0,540,551,21.3
1710847289,19.03.2024,11:21:29,21.4,20.5,0,792,659,19.3,0,540,551,21.3
1710848192,19.03.2024,11:36:32,21.5,20.5,0,810,857,19.6,0,540,551,21.4
1710849095,19.03.2024,11:51:35,21.5,20.5,0,774,695,19.8,0,540,540,21.5
1710849998,19.03.2024,12:06:38,21.5,20.5,0,774,774,20,0,540,551,21.4
1710850901,19.03.2024,12:21:41,21.5,20.5,0,774,742,21.1,0,540,529,21.4
1710851805,19.03.2024,12:36:45,21.6,20.7,0,774,810,20.1,0,540,551,21.3
1710852708,19.03.2024,12:51:48,21.6,20.6,0,792,774,20.1,0,540,551,21.4
1710853611,19.03.2024,13:06:51,21.5,20.7,0,792,774,20.4,0,540,540,21.4
1710854514,19.03.2024,13:21:54,21.5,20.7,0,792,774,20.3,0,540,540,21.4
1710855417,19.03.2024,13:36:57,21.5,20.7,0,742,727,20.1,0,540,551,21.4
1710856320,19.03.2024,13:52:00,21.5,20.7,0,742,760,20.2,0,540,529,21.4
1710857223,19.03.2024,14:07:03,21.5,20.7,0,774,842,20.5,0,551,529,21.4
1710858127,19.03.2024,14:22:07,21.5,21.2,0,824,760,20.5,0,540,529,21.4
1710859030,19.03.2024,14:37:10,21.5,20.8,0,774,774,20.6,0,540,529,21.4
1710859933,19.03.2024,14:52:13,21.5,21,0,760,893,20.6,0,540,540,21.5
1710860836,19.03.2024,15:07:16,21.6,20.8,0,774,742,20.7,0,540,540,21.4
1710861739,19.03.2024,15:22:19,21.6,21.1,0,760,760,20.7,0,540,540,21.5
1710862642,19.03.2024,15:37:22,21.6,21,0,774,774,20.7,0,540,540,21.5
1710863546,19.03.2024,15:52:26,21.6,21,0,760,857,20.8,0,540,540,21.5
1710864449,19.03.2024,16:07:29,21.6,20.7,0,792,677,20.8,0,540,540,21.5
1710865352,19.03.2024,16:22:32,21.6,20.9,0,774,810,20.7,0,551,540,21.6
1710866255,19.03.2024,16:37:35,21.6,20.8,0,774,774,20.7,0,540,540,21.5
1710867158,19.03.2024,16:52:38,21.6,20.7,0,760,727,20.7,0,551,540,21.5
1710868061,19.03.2024,17:07:41,21.6,20.8,0,774,774,20.5,0,540,540,21.5
1710868964,19.03.2024,17:22:44,21.6,20.7,0,760,792,20.3,0,540,540,21.5
1710869867,19.03.2024,17:37:47,21.6,20.5,0,774,893,20.2,0,540,540,21.6
1710870770,19.03.2024,17:52:50,21.5,20.4,0,760,810,20.2,0,540,540,21.5
1710871674,19.03.2024,18:07:54,21.5,20.4,0,810,792,20.2,0,540,529,21.5
1710872577,19.03.2024,18:22:57,21.5,20.3,0,760,842,20,0,540,540,21.5
1710873480,19.03.2024,18:38:00,21.4,20.2,0,824,774,20,0,518,540,21.4
1710874383,19.03.2024,18:53:03,21.3,20.1,0,824,842,19.8,0,540,540,21.3
1710875286,19.03.2024,19:08:06,21.2,20.2,0,907,893,20,0,551,540,21.3
1710876189,19.03.2024,19:23:09,21.2,20,0,774,760,19.3,0,551,540,21.2
1710877092,19.03.2024,19:38:12,21.1,19.9,0,774,677,19.6,0,551,540,21.2
1710877996,19.03.2024,19:53:16,21.1,19.9,0,810,760,19.6,0,551,540,21.1
1710878899,19.03.2024,20:08:19,21.1,19.6,0,774,774,19.7,0,551,540,21.1
1710879802,19.03.2024,20:23:22,21,20.4,0,842,677,19.7,0,551,529,21.1
1710880705,19.03.2024,20:38:25,21,20.1,0,824,792,19.6,0,551,540,21.1
1710881608,19.03.2024,20:53:28,21,19.9,0,792,727,19.6,0,562,540,21.1
1710882511,19.03.2024,21:08:31,20.9,19.9,0,824,742,19.6,0,551,540,21
1710883414,19.03.2024,21:23:34,20.9,19.8,0,824,760,19.6,0,551,540,21.1
1710884317,19.03.2024,21:38:37,20.8,19.9,0,810,644,20.1,0,551,518,21
1710885220,19.03.2024,21:53:40,20.8,19.7,0,842,742,19.5,0,562,562,21
1710886123,19.03.2024,22:08:43,20.8,19.7,0,810,792,19.6,0,551,540,21
1710887026,19.03.2024,22:23:46,20.8,19.7,0,842,774,19.3,0,551,540,21
1710887930,19.03.2024,22:38:50,20.8,19.5,0,824,742,19.2,0,551,529,21
1710888833,19.03.2024,22:53:53,20.8,19.5,0,810,842,19.2,0,551,540,21
1710889736,19.03.2024,23:08:56,20.8,19.6,0,810,727,19.2,0,551,540,21
1710890639,19.03.2024,23:23:59,20.8,19.4,0,842,677,19.2,0,551,540,21
1710891542,19.03.2024,23:39:02,20.8,19.5,0,842,695,19.2,0,551,540,21
1710892445,19.03.2024,23:54:05,20.8,19.5,0,842,760,19.2,0,551,540,21
1710893348,20.03.2024,0:09:08,20.7,19.5,0,842,824,19.2,0,551,540,21
1710894251,20.03.2024,0:24:11,20.7,19.4,0,824,792,19.2,0,551,562,20.9
1710895154,20.03.2024,0:39:14,20.7,19.5,0,842,709,19.2,0,551,529,20.9
1710896057,20.03.2024,0:54:17,20.7,19.5,0,824,774,19.2,0,562,540,20.9
1710896961,20.03.2024,1:09:21,20.7,19.4,0,857,677,19,0,551,562,20.9
1710897864,20.03.2024,1:24:24,20.7,19.5,0,842,760,19.2,0,551,551,20.9
1710898767,20.03.2024,1:39:27,20.7,19.4,0,842,727,18.9,0,551,540,20.9
1710899670,20.03.2024,1:54:30,20.7,19.4,0,842,774,18.9,0,551,540,20.9
1710900573,20.03.2024,2:09:33,20.6,19.3,0,842,792,18.9,0,551,540,20.9
1710901476,20.03.2024,2:24:36,20.6,19.4,0,857,727,18.9,0,551,540,20.9
1710902379,20.03.2024,2:39:39,20.6,19.4,0,824,727,18.9,0,551,540,20.9
1710903282,20.03.2024,2:54:42,20.6,19.4,0,842,594,18.9,0,551,540,20.8
1710904186,20.03.2024,3:09:46,20.5,19.4,0,810,695,19.2,0,572,540,20.8
1710905089,20.03.2024,3:24:49,20.6,19.2,0,857,774,18.8,0,551,529,20.8
1710905992,20.03.2024,3:39:52,20.5,19.4,0,875,774,18.5,0,562,551,20.8
1710906895,20.03.2024,3:54:55,20.6,19.4,0,875,760,18.6,0,562,551,20.8
1710907798,20.03.2024,4:09:58,20.6,19.4,0,857,842,18.7,0,540,540,20.8
1710908701,20.03.2024,4:25:01,20.5,19.6,0,857,774,18.7,0,540,551,20.8
1710909604,20.03.2024,4:40:04,20.5,19.6,0,857,760,18.8,0,540,540,20.8
1710910507,20.03.2024,4:55:07,20.5,19.7,0,875,824,18.7,0,551,540,20.8
1710911410,20.03.2024,5:10:10,20.5,19.8,0,875,727,18.7,0,551,540,20.8
1710912314,20.03.2024,5:25:14,20.5,19.9,0,893,810,18.7,0,540,540,20.8
1710913217,20.03.2024,5:40:17,20.5,19.9,0,893,810,19,0,551,540,20.7
1710914120,20.03.2024,5:55:20,20.5,20,0,857,875,19,0,551,540,20.7
1710915023,20.03.2024,6:10:23,20.5,19.9,0,842,824,19,0,551,540,20.8
1710915926,20.03.2024,6:25:26,20.5,19.9,0,857,810,19,0,551,551,20.7
1710916830,20.03.2024,6:40:30,20.6,20,0,893,774,19,0,540,551,20.7
1710917733,20.03.2024,6:55:33,20.6,20,0,893,824,19,0,551,540,20.7
1710918636,20.03.2024,7:10:36,20.6,20,0,875,792,19,0,551,540,20.7
1710919539,20.03.2024,7:25:39,20.6,20,0,857,810,19,0,540,540,20.7
1710920442,20.03.2024,7:40:42,20.5,20.1,0,857,842,19.8,0,540,540,20.7
1710921345,20.03.2024,7:55:45,20.6,20.1,0,824,774,20.2,0,551,540,20.8
1710922248,20.03.2024,8:10:48,20.6,20.4,0,824,774,20.2,0,551,540,20.8
1710923151,20.03.2024,8:25:51,20.7,20.5,0,824,774,20.2,0,540,518,20.9
1710924054,20.03.2024,8:40:54,20.8,20.6,0,810,810,20.3,0,540,551,21
1710924958,20.03.2024,8:55:58,20.8,20.7,0,810,792,20.4,0,551,540,21
